plantilla_temporada,plantilla_equipo,plantilla_dorsal,plantilla_foto,plantilla_name,plantilla_posicion,plantilla_edad,plantilla_pais,plantilla_altura,plantilla_peso,plantilla_goles,plantilla_rojas,plantilla_amarillas
Temporada2018,Bayern München,36,https://thumb.resfu.com/img_data/players/medium/286258.jpg?size=60x&5,C. Früchtl,Portero,20,https://thumb.resfu.com/media/img/1px.gif,193,71,0,0,0
Temporada2018,Bayern München,1,https://thumb.resfu.com/img_data/players/medium/1819.jpg?size=60x&5,M. Neuer,Portero,33,https://thumb.resfu.com/media/img/1px.gif,192,90,0,0,0
Temporada2018,Bayern München,42,https://thumb.resfu.com/img_data/players/medium/291873.jpg?size=60x&5,R. Hoffmann,Portero,20,https://thumb.resfu.com/media/img/1px.gif,192,84,0,0,0
Temporada2018,Bayern München,26,https://thumb.resfu.com/img_data/players/medium/1836.jpg?size=60x&5,S. Ulreich,Portero,31,https://thumb.resfu.com/media/img/1px.gif,192,84,0,0,1
Temporada2018,Bayern München,22,https://thumb.resfu.com/img_data/players/medium/1831.jpg?size=60x&5,T. Starke,Portero,38,https://thumb.resfu.com/media/img/1px.gif,194,91,0,0,0
Temporada2018,Bayern München,27,https://thumb.resfu.com/img_data/players/medium/58931.jpg?size=60x&5,D. Alaba,Defensa,27,https://thumb.resfu.com/media/img/1px.gif,180,76,2,0,1
Temporada2018,Bayern München,14,https://thumb.resfu.com/img_data/players/medium/104151.jpg?size=60x&5,J. Bernat,Defensa,27,https://thumb.resfu.com/media/img/1px.gif,172,67,0,0,1
Temporada2018,Bayern München,17,https://thumb.resfu.com/img_data/players/medium/1855.jpg?size=60x&5,J. Boateng,Defensa,31,https://thumb.resfu.com/media/img/1px.gif,192,90,1,0,4
Temporada2018,Bayern München,32,https://thumb.resfu.com/img_data/players/medium/186172.jpg?size=60x&5,J. Kimmich,Defensa,25,https://thumb.resfu.com/media/img/1px.gif,176,70,1,0,1
Temporada2018,Bayern München,3,https://thumb.resfu.com/img_data/players/medium/348808.jpg?size=60x&5,J. Meier,Defensa,20,https://thumb.resfu.com/media/img/1px.gif,181,78,0,0,0
Temporada2018,Bayern München,15,https://thumb.resfu.com/img_data/players/medium/354196.jpg?size=60x&5,L. Mai,Defensa,19,https://thumb.resfu.com/media/img/1px.gif,190,88,0,0,0
Temporada2018,Bayern München,5,https://thumb.resfu.com/img_data/players/medium/1907.jpg?size=60x&5,M. Hummels,Defensa,31,https://thumb.resfu.com/media/img/1px.gif,192,90,1,0,3
Temporada2018,Bayern München,4,https://thumb.resfu.com/img_data/players/medium/178673.jpg?size=60x&5,N. Süle,Defensa,24,https://thumb.resfu.com/media/img/1px.gif,194,91,2,0,1
Temporada2018,Bayern München,13,https://thumb.resfu.com/img_data/players/medium/21465.jpg?size=60x&5,Rafinha,Defensa,34,https://thumb.resfu.com/media/img/1px.gif,172,68,1,0,4
Temporada2018,Bayern München,23,https://thumb.resfu.com/img_data/players/medium/61471.jpg?size=60x&5,A. Vidal,Centrocampista,32,https://thumb.resfu.com/media/img/1px.gif,181,74,6,0,6
Temporada2018,Bayern München,24,https://thumb.resfu.com/img_data/players/medium/186760.jpg?size=60x&5,C. Tolisso,Centrocampista,25,https://thumb.resfu.com/media/img/1px.gif,181,54,6,0,3
Temporada2018,Bayern München,20,https://thumb.resfu.com/img_data/players/medium/286246.jpg?size=60x&5,F. Götze,Centrocampista,22,https://thumb.resfu.com/media/img/1px.gif,185,78,0,0,0
Temporada2018,Bayern München,8,https://thumb.resfu.com/img_data/players/medium/29974.jpg?size=60x&5,J. Martínez,Centrocampista,31,https://thumb.resfu.com/media/img/1px.gif,190,81,1,0,1
Temporada2018,Bayern München,11,https://thumb.resfu.com/img_data/players/medium/54466.jpg?size=60x&5,James,Centrocampista,28,https://thumb.resfu.com/media/img/1px.gif,180,77,7,0,2
Temporada2018,Bayern München,28,https://thumb.resfu.com/img_data/players/medium/334745.jpg?size=60x&5,K. Okyere Wriedt,Centrocampista,25,https://thumb.resfu.com/media/img/1px.gif,188,82,0,0,0
Temporada2018,Bayern München,16,https://thumb.resfu.com/img_data/players/medium/296500.jpg?size=60x&5,M. Shabani,Centrocampista,21,https://thumb.resfu.com/media/img/1px.gif,185,69,0,0,0
Temporada2018,Bayern München,30,https://thumb.resfu.com/img_data/players/medium/286251.jpg?size=60x&5,N. Dorsch,Centrocampista,22,https://thumb.resfu.com/media/img/1px.gif,175,72,1,0,0
Temporada2018,Bayern München,19,https://thumb.resfu.com/img_data/players/medium/70844.jpg?size=60x&5,S. Rudy,Centrocampista,30,https://thumb.resfu.com/media/img/1px.gif,179,74,1,0,2
Temporada2018,Bayern München,6,https://thumb.resfu.com/img_data/players/medium/29470.jpg?size=60x&5,Thiago,Centrocampista,28,https://thumb.resfu.com/media/img/1px.gif,172,60,2,0,3
Temporada2018,Bayern München,10,https://thumb.resfu.com/img_data/players/medium/5736.jpg?size=60x&5,A. Robben,Delantero,36,https://thumb.resfu.com/media/img/1px.gif,181,75,5,0,0
Temporada2018,Bayern München,18,https://thumb.resfu.com/img_data/players/medium/366211.jpg?size=60x&5,F. Evina,Delantero,19,https://thumb.resfu.com/media/img/1px.gif,177,73,0,0,0
Temporada2018,Bayern München,7,https://thumb.resfu.com/img_data/players/medium/2143.jpg?size=60x&5,F. Ribéry,Delantero,36,https://thumb.resfu.com/media/img/1px.gif,170,73,5,0,3
Temporada2018,Bayern München,29,https://thumb.resfu.com/img_data/players/medium/186338.jpg?size=60x&5,K. Coman,Delantero,23,https://thumb.resfu.com/media/img/1px.gif,178,71,3,0,0
Temporada2018,Bayern München,41,https://thumb.resfu.com/img_data/players/medium/283675.jpg?size=60x&5,M. Pantovic,Delantero,23,https://thumb.resfu.com/media/img/1px.gif,185,67,0,0,0
Temporada2018,Bayern München,9,https://thumb.resfu.com/img_data/players/medium/53536.jpg?size=60x&5,R. Lewandowski,Delantero,31,https://thumb.resfu.com/media/img/1px.gif,183,76,29,0,1
Temporada2018,Bayern München,2,https://thumb.resfu.com/img_data/players/medium/71102.jpg?size=60x&5,S. Wagner,Delantero,32,https://thumb.resfu.com/media/img/1px.gif,194,87,12,0,4
Temporada2018,Bayern München,25,https://thumb.resfu.com/img_data/players/medium/52981.jpg?size=60x&5,T. Müller,Delantero,30,https://thumb.resfu.com/media/img/1px.gif,186,74,8,0,4
Temporada2018,B. Dortmund,35,https://thumb.resfu.com/img_data/players/medium/244535.jpg?size=60x&5,D. Reimann,Portero,22,https://thumb.resfu.com/media/img/1px.gif,186,75,0,0,0
Temporada2018,B. Dortmund,38,https://thumb.resfu.com/img_data/players/medium/67454.jpg?size=60x&5,R. Burki,Portero,29,https://thumb.resfu.com/media/img/1px.gif,185,83,0,0,4
Temporada2018,B. Dortmund,1,https://thumb.resfu.com/img_data/players/medium/1839.jpg?size=60x&5,R. Weidenfeller,Portero,39,https://thumb.resfu.com/media/img/1px.gif,188,85,0,0,0
Temporada2018,B. Dortmund,2,https://thumb.resfu.com/img_data/players/medium/284349.jpg?size=60x&5,D. Zagadou,Defensa,20,https://thumb.resfu.com/media/img/1px.gif,196,75,1,1,0
Temporada2018,B. Dortmund,37,https://thumb.resfu.com/img_data/players/medium/178394.jpg?size=60x&5,E. Durm,Defensa,27,https://thumb.resfu.com/media/img/1px.gif,183,73,0,0,0
Temporada2018,B. Dortmund,15,https://thumb.resfu.com/img_data/players/medium/194166.jpg?size=60x&5,J. Toljan,Defensa,25,https://thumb.resfu.com/media/img/1px.gif,182,76,1,0,1
Temporada2018,B. Dortmund,16,https://thumb.resfu.com/img_data/players/medium/205348.jpg?size=60x&5,M. Akanji,Defensa,24,https://thumb.resfu.com/media/img/1px.gif,187,85,0,0,2
Temporada2018,B. Dortmund,29,https://thumb.resfu.com/img_data/players/medium/21398.jpg?size=60x&5,M. Schmelzer,Defensa,32,https://thumb.resfu.com/media/img/1px.gif,181,74,0,0,3
Temporada2018,B. Dortmund,36,https://thumb.resfu.com/img_data/players/medium/25013.jpg?size=60x&5,O. Toprak,Defensa,30,https://thumb.resfu.com/media/img/1px.gif,186,81,0,0,1
Temporada2018,B. Dortmund,25,https://thumb.resfu.com/img_data/players/medium/23273.jpg?size=60x&5,Sokratis,Defensa,31,https://thumb.resfu.com/media/img/1px.gif,186,85,2,1,5
Temporada2018,B. Dortmund,26,https://thumb.resfu.com/img_data/players/medium/2277.jpg?size=60x&5,Ł. Piszczek,Defensa,34,https://thumb.resfu.com/media/img/1px.gif,184,73,0,0,3
Temporada2018,B. Dortmund,27,https://thumb.resfu.com/img_data/players/medium/67844.jpg?size=60x&5,G. Castro,Centrocampista,32,https://thumb.resfu.com/media/img/1px.gif,171,72,0,0,3
Temporada2018,B. Dortmund,33,https://thumb.resfu.com/img_data/players/medium/185773.jpg?size=60x&5,J. Weigl,Centrocampista,24,https://thumb.resfu.com/media/img/1px.gif,187,71,1,0,4
Temporada2018,B. Dortmund,19,https://thumb.resfu.com/img_data/players/medium/232022.jpg?size=60x&5,M. Dahoud,Centrocampista,24,https://thumb.resfu.com/media/img/1px.gif,177,76,0,0,4
Temporada2018,B. Dortmund,8,https://thumb.resfu.com/img_data/players/medium/1609.jpg?size=60x&5,N. Sahin,Centrocampista,31,https://thumb.resfu.com/media/img/1px.gif,180,72,2,0,2
Temporada2018,B. Dortmund,13,https://thumb.resfu.com/img_data/players/medium/149462.jpg?size=60x&5,R. Guerreiro,Centrocampista,26,https://thumb.resfu.com/media/img/1px.gif,170,63,1,0,0
Temporada2018,B. Dortmund,34,https://thumb.resfu.com/img_data/players/medium/342269.jpg?size=60x&5,S. Gómez,Centrocampista,19,https://thumb.resfu.com/media/img/1px.gif,174,62,0,0,0
Temporada2018,B. Dortmund,23,https://thumb.resfu.com/img_data/players/medium/67842.jpg?size=60x&5,S. Kagawa,Centrocampista,30,https://thumb.resfu.com/media/img/1px.gif,175,68,5,0,0
Temporada2018,B. Dortmund,18,https://thumb.resfu.com/img_data/players/medium/25463.jpg?size=60x&5,S. Rode,Centrocampista,29,https://thumb.resfu.com/media/img/1px.gif,179,67,0,0,0
Temporada2018,B. Dortmund,14,https://thumb.resfu.com/img_data/players/medium/301340.jpg?size=60x&5,A. Isak,Delantero,20,https://thumb.resfu.com/media/img/1px.gif,190,74,0,0,0
Temporada2018,B. Dortmund,21,https://thumb.resfu.com/img_data/players/medium/38419.jpg?size=60x&5,A. Schürrle,Delantero,29,https://thumb.resfu.com/media/img/1px.gif,175,63,1,0,0
Temporada2018,B. Dortmund,9,https://thumb.resfu.com/img_data/players/medium/100620.jpg?size=60x&5,A. Yarmolenko,Delantero,30,https://thumb.resfu.com/media/img/1px.gif,189,81,3,0,0
Temporada2018,B. Dortmund,22,https://thumb.resfu.com/img_data/players/medium/289088.jpg?size=60x&5,C. Pulisic,Delantero,21,https://thumb.resfu.com/media/img/1px.gif,173,63,4,0,1
Temporada2018,B. Dortmund,7,https://thumb.resfu.com/img_data/players/medium/341319.jpg?size=60x&5,J. Sancho,Delantero,19,https://thumb.resfu.com/media/img/1px.gif,179,74,1,0,0
Temporada2018,B. Dortmund,44,https://thumb.resfu.com/img_data/players/medium/111856.jpg?size=60x&5,M. Batshuayi,Delantero,26,https://thumb.resfu.com/media/img/1px.gif,184,78,7,0,2
Temporada2018,B. Dortmund,10,https://thumb.resfu.com/img_data/players/medium/47664.jpg?size=60x&5,M. Götze,Delantero,27,https://thumb.resfu.com/media/img/1px.gif,176,64,2,0,1
Temporada2018,B. Dortmund,20,https://thumb.resfu.com/img_data/players/medium/200936.jpg?size=60x&5,M. Philipp,Delantero,26,https://thumb.resfu.com/media/img/1px.gif,179,74,9,0,0
Temporada2018,B. Dortmund,11,https://thumb.resfu.com/img_data/players/medium/38418.jpg?size=60x&5,M. Reus,Delantero,30,https://thumb.resfu.com/media/img/1px.gif,180,75,7,0,1
Temporada2018,RB Leipzig,1,https://thumb.resfu.com/img_data/players/medium/13237.jpg?size=60x&5,F. Coltorti,Portero,39,https://thumb.resfu.com/media/img/1px.gif,197,95,0,0,0
Temporada2018,RB Leipzig,32,https://thumb.resfu.com/img_data/players/medium/86306.jpg?size=60x&5,P. Gulácsi,Portero,29,https://thumb.resfu.com/media/img/1px.gif,191,83,0,0,1
Temporada2018,RB Leipzig,22,https://thumb.resfu.com/img_data/players/medium/350318.jpg?size=60x&5,P. Kohn,Portero,21,https://thumb.resfu.com/media/img/1px.gif,191,86,0,0,0
Temporada2018,RB Leipzig,28,https://thumb.resfu.com/img_data/players/medium/115280.jpg?size=60x&5,Y. Mvogo,Portero,25,https://thumb.resfu.com/media/img/1px.gif,186,84,0,0,0
Temporada2018,RB Leipzig,20,https://thumb.resfu.com/img_data/players/medium/201467.jpg?size=60x&5,B. Schmitz,Defensa,25,https://thumb.resfu.com/media/img/1px.gif,182,75,0,0,0
Temporada2018,RB Leipzig,3,https://thumb.resfu.com/img_data/players/medium/314673.jpg?size=60x&5,Bernardo,Defensa,24,https://thumb.resfu.com/media/img/1px.gif,186,76,1,0,2
Temporada2018,RB Leipzig,5,https://thumb.resfu.com/img_data/players/medium/280866.jpg?size=60x&5,D. Upamecano,Defensa,21,https://thumb.resfu.com/media/img/1px.gif,188,84,3,1,4
Temporada2018,RB Leipzig,6,https://thumb.resfu.com/img_data/players/medium/321045.jpg?size=60x&5,I. Konate,Defensa,20,https://thumb.resfu.com/media/img/1px.gif,192,87,0,0,1
Temporada2018,RB Leipzig,16,https://thumb.resfu.com/img_data/players/medium/210585.jpg?size=60x&5,L. Klostermann,Defensa,23,https://thumb.resfu.com/media/img/1px.gif,185,80,1,0,2
Temporada2018,RB Leipzig,23,https://thumb.resfu.com/img_data/players/medium/128275.jpg?size=60x&5,M. Halstenberg,Defensa,28,https://thumb.resfu.com/media/img/1px.gif,186,82,2,0,3
Temporada2018,RB Leipzig,4,https://thumb.resfu.com/img_data/players/medium/107151.jpg?size=60x&5,W. Orban,Defensa,27,https://thumb.resfu.com/media/img/1px.gif,185,80,3,1,5
Temporada2018,RB Leipzig,31,https://thumb.resfu.com/img_data/players/medium/87110.jpg?size=60x&5,D. Demme,Centrocampista,28,https://thumb.resfu.com/media/img/1px.gif,170,66,0,0,4
Temporada2018,RB Leipzig,24,https://thumb.resfu.com/img_data/players/medium/103767.jpg?size=60x&5,D. Kaiser,Centrocampista,31,https://thumb.resfu.com/media/img/1px.gif,170,67,0,0,0
Temporada2018,RB Leipzig,10,https://thumb.resfu.com/img_data/players/medium/149864.jpg?size=60x&5,E. Forsberg,Centrocampista,28,https://thumb.resfu.com/media/img/1px.gif,178,73,2,1,0
Temporada2018,RB Leipzig,44,https://thumb.resfu.com/img_data/players/medium/80288.jpg?size=60x&5,K. Kampl,Centrocampista,29,https://thumb.resfu.com/media/img/1px.gif,180,63,1,0,3
Temporada2018,RB Leipzig,27,https://thumb.resfu.com/img_data/players/medium/229453.jpg?size=60x&5,K. Laimer,Centrocampista,22,https://thumb.resfu.com/media/img/1px.gif,184,68,0,0,2
Temporada2018,RB Leipzig,7,https://thumb.resfu.com/img_data/players/medium/149122.jpg?size=60x&5,M. Sabitzer,Centrocampista,25,https://thumb.resfu.com/media/img/1px.gif,177,70,3,0,4
Temporada2018,RB Leipzig,8,https://thumb.resfu.com/img_data/players/medium/200795.jpg?size=60x&5,N. Keïta,Centrocampista,25,https://thumb.resfu.com/media/img/1px.gif,172,65,6,2,9
Temporada2018,RB Leipzig,26,https://thumb.resfu.com/img_data/players/medium/427515.jpg?size=60x&5,Niclas Stierlin,Centrocampista,20,https://thumb.resfu.com/media/img/1px.gif,182,74,0,0,0
Temporada2018,RB Leipzig,13,https://thumb.resfu.com/img_data/players/medium/66719.jpg?size=60x&5,S. Ilsanker,Centrocampista,30,https://thumb.resfu.com/media/img/1px.gif,189,84,0,1,4
Temporada2018,RB Leipzig,18,https://thumb.resfu.com/img_data/players/medium/301865.jpg?size=60x&5,A. Lookman,Delantero,22,https://thumb.resfu.com/media/img/1px.gif,174,78,5,0,1
Temporada2018,RB Leipzig,17,https://thumb.resfu.com/img_data/players/medium/162803.jpg?size=60x&5,Bruma,Delantero,25,https://thumb.resfu.com/media/img/1px.gif,173,70,4,0,0
Temporada2018,RB Leipzig,29,https://thumb.resfu.com/img_data/players/medium/206502.jpg?size=60x&5,J. Augustin,Delantero,22,https://thumb.resfu.com/media/img/1px.gif,177,69,9,0,1
Temporada2018,RB Leipzig,11,https://thumb.resfu.com/img_data/players/medium/187379.jpg?size=60x&5,T. Werner,Delantero,24,https://thumb.resfu.com/media/img/1px.gif,180,75,13,0,1
Temporada2018,RB Leipzig,9,https://thumb.resfu.com/img_data/players/medium/186173.jpg?size=60x&5,Y. Poulsen,Delantero,25,https://thumb.resfu.com/media/img/1px.gif,192,78,4,0,1
Temporada2018,Monchengladbach,35,https://thumb.resfu.com/img_data/players/medium/290102.jpg?size=60x&5,M. Nicolas,Portero,22,https://thumb.resfu.com/media/img/1px.gif,193,87,0,0,0
Temporada2018,Monchengladbach,21,https://thumb.resfu.com/img_data/players/medium/43017.jpg?size=60x&5,T. Sippel,Portero,31,https://thumb.resfu.com/media/img/1px.gif,180,79,0,0,0
Temporada2018,Monchengladbach,1,https://thumb.resfu.com/img_data/players/medium/110862.jpg?size=60x&5,Y. Sommer,Portero,31,https://thumb.resfu.com/media/img/1px.gif,183,77,0,0,1
Temporada2018,Monchengladbach,42,https://thumb.resfu.com/img_data/players/medium/341358.jpg?size=60x&5,F. Mayer,Defensa,22,https://thumb.resfu.com/media/img/1px.gif,190,80,0,0,0
Temporada2018,Monchengladbach,4,https://thumb.resfu.com/img_data/players/medium/101922.jpg?size=60x&5,J. Vestergaard,Defensa,27,https://thumb.resfu.com/media/img/1px.gif,197,96,3,0,5
Temporada2018,Monchengladbach,14,https://thumb.resfu.com/img_data/players/medium/388676.jpg?size=60x&5,L. Beyer,Defensa,19,https://thumb.resfu.com/media/img/1px.gif,187,70,0,0,0
Temporada2018,Monchengladbach,29,https://thumb.resfu.com/img_data/players/medium/237706.jpg?size=60x&5,M. Doucoure,Defensa,21,https://thumb.resfu.com/media/img/1px.gif,190,75,0,0,0
Temporada2018,Monchengladbach,2,https://thumb.resfu.com/img_data/players/medium/281579.jpg?size=60x&5,M. Egbo,Defensa,22,https://thumb.resfu.com/media/img/1px.gif,180,70,0,0,0
Temporada2018,Monchengladbach,28,https://thumb.resfu.com/img_data/players/medium/129543.jpg?size=60x&5,M. Ginter,Defensa,26,https://thumb.resfu.com/media/img/1px.gif,187,82,5,0,2
Temporada2018,Monchengladbach,30,https://thumb.resfu.com/img_data/players/medium/210782.jpg?size=60x&5,N. Elvedi,Defensa,23,https://thumb.resfu.com/media/img/1px.gif,188,74,2,0,6
Temporada2018,Monchengladbach,17,https://thumb.resfu.com/img_data/players/medium/5056.jpg?size=60x&5,O. Wendt,Defensa,34,https://thumb.resfu.com/media/img/1px.gif,181,82,1,0,2
Temporada2018,Monchengladbach,3,https://thumb.resfu.com/img_data/players/medium/248652.jpg?size=60x&5,R. Oxford,Defensa,21,https://thumb.resfu.com/media/img/1px.gif,190,71,0,0,1
Temporada2018,Monchengladbach,24,https://thumb.resfu.com/img_data/players/medium/44903.jpg?size=60x&5,T. Jantschke,Defensa,29,https://thumb.resfu.com/media/img/1px.gif,177,72,0,0,2
Temporada2018,Monchengladbach,39,https://thumb.resfu.com/img_data/players/medium/290097.jpg?size=60x&5,A. Herzog,Centrocampista,22,https://thumb.resfu.com/media/img/1px.gif,178,70,0,0,0
Temporada2018,Monchengladbach,6,https://thumb.resfu.com/img_data/players/medium/109726.jpg?size=60x&5,C. Kramer,Centrocampista,29,https://thumb.resfu.com/media/img/1px.gif,190,73,3,0,5
Temporada2018,Monchengladbach,8,https://thumb.resfu.com/img_data/players/medium/280412.jpg?size=60x&5,D. Zakaria,Centrocampista,23,https://thumb.resfu.com/media/img/1px.gif,191,76,2,0,11
Temporada2018,Monchengladbach,23,https://thumb.resfu.com/img_data/players/medium/128290.jpg?size=60x&5,J. Hofmann,Centrocampista,27,https://thumb.resfu.com/media/img/1px.gif,176,67,0,0,0
Temporada2018,Monchengladbach,22,https://thumb.resfu.com/img_data/players/medium/244887.jpg?size=60x&5,L. Bénes,Centrocampista,22,https://thumb.resfu.com/media/img/1px.gif,173,60,0,0,0
Temporada2018,Monchengladbach,38,https://thumb.resfu.com/img_data/players/medium/290095.jpg?size=60x&5,M. Benger,Centrocampista,21,https://thumb.resfu.com/media/img/1px.gif,188,73,0,0,0
Temporada2018,Monchengladbach,27,https://thumb.resfu.com/img_data/players/medium/321020.jpg?size=60x&5,M. Cuisance,Centrocampista,20,https://thumb.resfu.com/media/img/1px.gif,181,77,0,0,2
Temporada2018,Monchengladbach,5,https://thumb.resfu.com/img_data/players/medium/130536.jpg?size=60x&5,T. Strobl,Centrocampista,29,https://thumb.resfu.com/media/img/1px.gif,186,77,0,0,0
Temporada2018,Monchengladbach,19,https://thumb.resfu.com/img_data/players/medium/25036.jpg?size=60x&5,F. Johnson,Delantero,32,https://thumb.resfu.com/media/img/1px.gif,183,70,1,0,0
Temporada2018,Monchengladbach,16,https://thumb.resfu.com/img_data/players/medium/83712.jpg?size=60x&5,I. Traoré,Delantero,31,https://thumb.resfu.com/media/img/1px.gif,171,61,0,0,0
Temporada2018,Monchengladbach,18,https://thumb.resfu.com/img_data/players/medium/111069.jpg?size=60x&5,J. Drmić,Delantero,27,https://thumb.resfu.com/media/img/1px.gif,182,70,4,0,1
Temporada2018,Monchengladbach,20,https://thumb.resfu.com/img_data/players/medium/296267.jpg?size=60x&5,J. Villalba,Delantero,21,https://thumb.resfu.com/media/img/1px.gif,174,65,0,0,1
Temporada2018,Monchengladbach,13,https://thumb.resfu.com/img_data/players/medium/21459.jpg?size=60x&5,L. Stindl,Delantero,31,https://thumb.resfu.com/media/img/1px.gif,180,80,6,0,5
Temporada2018,Monchengladbach,7,https://thumb.resfu.com/img_data/players/medium/44904.jpg?size=60x&5,P. Herrmann,Delantero,29,https://thumb.resfu.com/media/img/1px.gif,180,73,0,0,0
Temporada2018,Monchengladbach,26,https://thumb.resfu.com/img_data/players/medium/58959.jpg?size=60x&5,R. Bobadilla,Delantero,32,https://thumb.resfu.com/media/img/1px.gif,180,82,0,0,2
Temporada2018,Monchengladbach,11,https://thumb.resfu.com/img_data/players/medium/2280.jpg?size=60x&5,Raffael,Delantero,34,https://thumb.resfu.com/media/img/1px.gif,174,69,9,0,0
Temporada2018,Monchengladbach,10,https://thumb.resfu.com/img_data/players/medium/111301.jpg?size=60x&5,T. Hazard,Delantero,26,https://thumb.resfu.com/media/img/1px.gif,174,70,10,0,1
Temporada2018,Monchengladbach,32,https://thumb.resfu.com/img_data/players/medium/152670.jpg?size=60x&5,V. Grifo,Delantero,26,https://thumb.resfu.com/media/img/1px.gif,180,75,0,0,0
Temporada2018,B. Leverkusen,1,https://thumb.resfu.com/img_data/players/medium/70839.jpg?size=60x&5,B. Leno,Portero,28,https://thumb.resfu.com/media/img/1px.gif,188,79,0,0,1
Temporada2018,B. Leverkusen,36,https://thumb.resfu.com/img_data/players/medium/146769.jpg?size=60x&5,N. Lomb,Portero,26,https://thumb.resfu.com/media/img/1px.gif,188,84,0,0,0
Temporada2018,B. Leverkusen,28,https://thumb.resfu.com/img_data/players/medium/5255.jpg?size=60x&5,R. Özcan,Portero,35,https://thumb.resfu.com/media/img/1px.gif,186,84,0,0,0
Temporada2018,B. Leverkusen,39,https://thumb.resfu.com/img_data/players/medium/201817.jpg?size=60x&5,B. Henrichs,Defensa,23,https://thumb.resfu.com/media/img/1px.gif,182,74,0,1,1
Temporada2018,B. Leverkusen,4,https://thumb.resfu.com/img_data/players/medium/186542.jpg?size=60x&5,J. Tah,Defensa,24,https://thumb.resfu.com/media/img/1px.gif,192,90,0,0,1
Temporada2018,B. Leverkusen,8,https://thumb.resfu.com/img_data/players/medium/56231.jpg?size=60x&5,L. Bender,Defensa,30,https://thumb.resfu.com/media/img/1px.gif,183,75,2,0,5
Temporada2018,B. Leverkusen,3,https://thumb.resfu.com/img_data/players/medium/289970.jpg?size=60x&5,P. Retsos,Defensa,21,https://thumb.resfu.com/media/img/1px.gif,186,81,1,0,6
Temporada2018,B. Leverkusen,5,https://thumb.resfu.com/img_data/players/medium/38408.jpg?size=60x&5,S. Bender,Defensa,30,https://thumb.resfu.com/media/img/1px.gif,185,72,2,0,0
Temporada2018,B. Leverkusen,16,https://thumb.resfu.com/img_data/players/medium/182827.jpg?size=60x&5,T. Jedvaj,Defensa,24,https://thumb.resfu.com/media/img/1px.gif,188,78,0,0,1
Temporada2018,B. Leverkusen,18,https://thumb.resfu.com/img_data/players/medium/216995.jpg?size=60x&5,Wendell,Defensa,26,https://thumb.resfu.com/media/img/1px.gif,176,64,2,1,6
Temporada2018,B. Leverkusen,20,https://thumb.resfu.com/img_data/players/medium/62490.jpg?size=60x&5,C. Aránguiz,Centrocampista,30,https://thumb.resfu.com/media/img/1px.gif,172,70,1,0,4
Temporada2018,B. Leverkusen,21,https://thumb.resfu.com/img_data/players/medium/146771.jpg?size=60x&5,D. Kohr,Centrocampista,26,https://thumb.resfu.com/media/img/1px.gif,183,75,1,1,10
Temporada2018,B. Leverkusen,15,https://thumb.resfu.com/img_data/players/medium/25025.jpg?size=60x&5,J. Baumgartlinger,Centrocampista,32,https://thumb.resfu.com/media/img/1px.gif,183,82,1,0,3
Temporada2018,B. Leverkusen,10,https://thumb.resfu.com/img_data/players/medium/205928.jpg?size=60x&5,J. Brandt,Centrocampista,23,https://thumb.resfu.com/media/img/1px.gif,185,78,9,0,0
Temporada2018,B. Leverkusen,29,https://thumb.resfu.com/img_data/players/medium/320354.jpg?size=60x&5,K. Havertz,Centrocampista,20,https://thumb.resfu.com/media/img/1px.gif,186,77,3,0,3
Temporada2018,B. Leverkusen,37,https://thumb.resfu.com/img_data/players/medium/281583.jpg?size=60x&5,M. Frey,Centrocampista,23,https://thumb.resfu.com/media/img/1px.gif,181,78,0,0,0
Temporada2018,B. Leverkusen,22,https://thumb.resfu.com/img_data/players/medium/100756.jpg?size=60x&5,V. Yurchenko,Centrocampista,26,https://thumb.resfu.com/media/img/1px.gif,179,64,0,0,0
Temporada2018,B. Leverkusen,17,https://thumb.resfu.com/img_data/players/medium/182313.jpg?size=60x&5,J. Pohjanpalo,Delantero,25,https://thumb.resfu.com/media/img/1px.gif,176,60,1,0,0
Temporada2018,B. Leverkusen,38,https://thumb.resfu.com/img_data/players/medium/88175.jpg?size=60x&5,K. Bellarabi,Delantero,29,https://thumb.resfu.com/media/img/1px.gif,183,76,1,0,2
Temporada2018,B. Leverkusen,31,https://thumb.resfu.com/img_data/players/medium/94066.jpg?size=60x&5,K. Volland,Delantero,27,https://thumb.resfu.com/media/img/1px.gif,179,74,14,0,5
Temporada2018,B. Leverkusen,13,https://thumb.resfu.com/img_data/players/medium/104948.jpg?size=60x&5,L. Alario,Delantero,27,https://thumb.resfu.com/media/img/1px.gif,178,67,9,1,4
Temporada2018,B. Leverkusen,9,https://thumb.resfu.com/img_data/players/medium/279174.jpg?size=60x&5,L. Bailey,Delantero,22,https://thumb.resfu.com/media/img/1px.gif,181,70,9,0,2
Temporada2018,B. Leverkusen,11,https://thumb.resfu.com/img_data/players/medium/38423.jpg?size=60x&5,S. Kießling,Delantero,36,https://thumb.resfu.com/media/img/1px.gif,191,78,0,0,0
Temporada2018,Schalke 04,35,https://thumb.resfu.com/img_data/players/medium/752808.jpg?size=60x&5,A. Nübel,Portero,23,https://thumb.resfu.com/media/img/1px.gif,193,86,0,0,0
Temporada2018,Schalke 04,34,https://thumb.resfu.com/img_data/players/medium/110491.jpg?size=60x&5,Michael Langer,Portero,35,https://thumb.resfu.com/media/img/1px.gif,196,95,0,0,0
Temporada2018,Schalke 04,1,https://thumb.resfu.com/img_data/players/medium/44905.jpg?size=60x&5,R. Fährmann,Portero,31,https://thumb.resfu.com/media/img/1px.gif,194,89,0,0,1
Temporada2018,Schalke 04,14,https://thumb.resfu.com/img_data/players/medium/147121.jpg?size=60x&5,A. Baba,Defensa,25,https://thumb.resfu.com/media/img/1px.gif,179,70,0,0,0
Temporada2018,Schalke 04,24,https://thumb.resfu.com/img_data/players/medium/67711.jpg?size=60x&5,B. Oczipka,Defensa,31,https://thumb.resfu.com/media/img/1px.gif,184,83,0,0,2
Temporada2018,Schalke 04,17,https://thumb.resfu.com/img_data/players/medium/85017.jpg?size=60x&5,B. Stambouli,Defensa,29,https://thumb.resfu.com/media/img/1px.gif,180,80,0,0,4
Temporada2018,Schalke 04,5,https://thumb.resfu.com/img_data/players/medium/75800.jpg?size=60x&5,M. Nastasić,Defensa,26,https://thumb.resfu.com/media/img/1px.gif,187,79,0,1,7
Temporada2018,Schalke 04,29,https://thumb.resfu.com/img_data/players/medium/21480.jpg?size=60x&5,Naldo,Defensa,37,https://thumb.resfu.com/media/img/1px.gif,198,89,7,0,4
Temporada2018,Schalke 04,3,https://thumb.resfu.com/img_data/players/medium/74166.jpg?size=60x&5,P. Insua,Defensa,26,https://thumb.resfu.com/media/img/1px.gif,186,75,0,0,1
Temporada2018,Schalke 04,21,https://thumb.resfu.com/img_data/players/medium/1971.jpg?size=60x&5,S. Riether,Defensa,36,https://thumb.resfu.com/media/img/1px.gif,174,70,0,0,0
Temporada2018,Schalke 04,20,https://thumb.resfu.com/img_data/players/medium/206444.jpg?size=60x&5,T. Kehrer,Defensa,23,https://thumb.resfu.com/media/img/1px.gif,186,70,3,0,4
Temporada2018,Schalke 04,25,https://thumb.resfu.com/img_data/players/medium/320186.jpg?size=60x&5,A. Harit,Centrocampista,22,https://thumb.resfu.com/media/img/1px.gif,179,66,3,0,3
Temporada2018,Schalke 04,28,https://thumb.resfu.com/img_data/players/medium/191266.jpg?size=60x&5,A. Schöpf,Centrocampista,26,https://thumb.resfu.com/media/img/1px.gif,178,61,0,0,3
Temporada2018,Schalke 04,18,https://thumb.resfu.com/img_data/players/medium/38743.jpg?size=60x&5,D. Caligiuri,Centrocampista,32,https://thumb.resfu.com/media/img/1px.gif,182,79,6,0,4
Temporada2018,Schalke 04,8,https://thumb.resfu.com/img_data/players/medium/140287.jpg?size=60x&5,L. Goretzka,Centrocampista,25,https://thumb.resfu.com/media/img/1px.gif,189,76,4,0,3
Temporada2018,Schalke 04,7,https://thumb.resfu.com/img_data/players/medium/163875.jpg?size=60x&5,M. Meyer,Centrocampista,24,https://thumb.resfu.com/media/img/1px.gif,173,68,0,0,6
Temporada2018,Schalke 04,10,https://thumb.resfu.com/img_data/players/medium/203551.jpg?size=60x&5,N. Bentaleb,Centrocampista,25,https://thumb.resfu.com/media/img/1px.gif,187,68,4,1,3
Temporada2018,Schalke 04,2,https://thumb.resfu.com/img_data/players/medium/349626.jpg?size=60x&5,W. Mckennie,Centrocampista,21,https://thumb.resfu.com/media/img/1px.gif,185,84,0,0,3
Temporada2018,Schalke 04,36,https://thumb.resfu.com/img_data/players/medium/206931.jpg?size=60x&5,B. Embolo,Delantero,23,https://thumb.resfu.com/media/img/1px.gif,185,85,3,0,4
Temporada2018,Schalke 04,32,https://thumb.resfu.com/img_data/players/medium/316436.jpg?size=60x&5,B. Tekpetey,Delantero,22,https://thumb.resfu.com/media/img/1px.gif,172,69,0,0,0
Temporada2018,Schalke 04,23,https://thumb.resfu.com/img_data/players/medium/242973.jpg?size=60x&5,C. Teuchert,Delantero,23,https://thumb.resfu.com/media/img/1px.gif,180,80,0,0,0
Temporada2018,Schalke 04,9,https://thumb.resfu.com/img_data/players/medium/30600.jpg?size=60x&5,F. Di Santo,Delantero,30,https://thumb.resfu.com/media/img/1px.gif,193,83,3,0,4
Temporada2018,Schalke 04,19,https://thumb.resfu.com/img_data/players/medium/46855.jpg?size=60x&5,G. Burgstaller,Delantero,30,https://thumb.resfu.com/media/img/1px.gif,187,76,11,0,8
Temporada2018,Schalke 04,22,https://thumb.resfu.com/img_data/players/medium/228782.jpg?size=60x&5,M. Pjaca,Delantero,24,https://thumb.resfu.com/media/img/1px.gif,186,81,2,0,0
Temporada2018,Schalke 04,11,https://thumb.resfu.com/img_data/players/medium/100692.jpg?size=60x&5,Y. Konoplyanka,Delantero,30,https://thumb.resfu.com/media/img/1px.gif,176,69,4,0,1
Temporada2018,Wolfsburg,1,https://thumb.resfu.com/img_data/players/medium/69147.jpg?size=60x&5,K. Casteels,Portero,27,https://thumb.resfu.com/media/img/1px.gif,196,83,0,0,1
Temporada2018,Wolfsburg,20,https://thumb.resfu.com/img_data/players/medium/25553.jpg?size=60x&5,M. Grun,Portero,32,https://thumb.resfu.com/media/img/1px.gif,191,86,0,0,0
Temporada2018,Wolfsburg,36,https://thumb.resfu.com/img_data/players/medium/284750.jpg?size=60x&5,P. Menzel,Portero,21,https://thumb.resfu.com/media/img/1px.gif,192,84,0,0,0
Temporada2018,Wolfsburg,28,https://thumb.resfu.com/img_data/players/medium/295687.jpg?size=60x&5,D. Franke,Defensa,21,https://thumb.resfu.com/media/img/1px.gif,184,73,0,0,0
Temporada2018,Wolfsburg,17,https://thumb.resfu.com/img_data/players/medium/79209.jpg?size=60x&5,F. Uduokhai,Defensa,22,https://thumb.resfu.com/media/img/1px.gif,188,78,1,1,3
Temporada2018,Wolfsburg,35,https://thumb.resfu.com/img_data/players/medium/320355.jpg?size=60x&5,G. Itter,Defensa,21,https://thumb.resfu.com/media/img/1px.gif,185,78,0,0,1
Temporada2018,Wolfsburg,25,https://thumb.resfu.com/img_data/players/medium/177518.jpg?size=60x&5,J. Brooks,Defensa,27,https://thumb.resfu.com/media/img/1px.gif,193,78,0,0,1
Temporada2018,Wolfsburg,5,https://thumb.resfu.com/img_data/players/medium/65708.jpg?size=60x&5,J. Bruma,Defensa,28,https://thumb.resfu.com/media/img/1px.gif,190,88,0,0,2
Temporada2018,Wolfsburg,29,https://thumb.resfu.com/img_data/players/medium/185662.jpg?size=60x&5,M. Tisserand,Defensa,27,https://thumb.resfu.com/media/img/1px.gif,184,69,0,0,4
Temporada2018,Wolfsburg,39,https://thumb.resfu.com/img_data/players/medium/387234.jpg?size=60x&5,P. Jaeckel,Defensa,21,https://thumb.resfu.com/media/img/1px.gif,189,73,0,0,0
Temporada2018,Wolfsburg,3,https://thumb.resfu.com/img_data/players/medium/1496.jpg?size=60x&5,P. Verhaegh,Defensa,36,https://thumb.resfu.com/media/img/1px.gif,178,68,2,0,5
Temporada2018,Wolfsburg,31,https://thumb.resfu.com/img_data/players/medium/136167.jpg?size=60x&5,R. Knoche,Defensa,27,https://thumb.resfu.com/media/img/1px.gif,190,77,1,0,2
Temporada2018,Wolfsburg,24,https://thumb.resfu.com/img_data/players/medium/44909.jpg?size=60x&5,S. Jung,Defensa,29,https://thumb.resfu.com/media/img/1px.gif,179,68,0,0,1
Temporada2018,Wolfsburg,2,https://thumb.resfu.com/img_data/players/medium/275820.jpg?size=60x&5,William,Defensa,24,https://thumb.resfu.com/media/img/1px.gif,171,68,0,1,6
Temporada2018,Wolfsburg,11,https://thumb.resfu.com/img_data/players/medium/70841.jpg?size=60x&5,D. Didavi,Centrocampista,30,https://thumb.resfu.com/media/img/1px.gif,179,77,9,0,4
Temporada2018,Wolfsburg,37,https://thumb.resfu.com/img_data/players/medium/284748.jpg?size=60x&5,E. Rexhbecaj,Centrocampista,22,https://thumb.resfu.com/media/img/1px.gif,178,69,0,0,0
Temporada2018,Wolfsburg,4,https://thumb.resfu.com/img_data/players/medium/34609.jpg?size=60x&5,I. Camacho,Centrocampista,29,https://thumb.resfu.com/media/img/1px.gif,182,80,0,0,1
Temporada2018,Wolfsburg,16,https://thumb.resfu.com/img_data/players/medium/104895.jpg?size=60x&5,J. Blaszczykowski,Centrocampista,34,https://thumb.resfu.com/media/img/1px.gif,175,71,1,0,0
Temporada2018,Wolfsburg,23,https://thumb.resfu.com/img_data/players/medium/75690.jpg?size=60x&5,J. Guilavogui,Centrocampista,29,https://thumb.resfu.com/media/img/1px.gif,187,78,3,1,8
Temporada2018,Wolfsburg,27,https://thumb.resfu.com/img_data/players/medium/136168.jpg?size=60x&5,M. Arnold,Centrocampista,25,https://thumb.resfu.com/media/img/1px.gif,183,74,2,1,8
Temporada2018,Wolfsburg,6,https://thumb.resfu.com/img_data/players/medium/209217.jpg?size=60x&5,R. Bazoer,Centrocampista,23,https://thumb.resfu.com/media/img/1px.gif,185,81,0,0,2
Temporada2018,Wolfsburg,13,https://thumb.resfu.com/img_data/players/medium/232082.jpg?size=60x&5,Y. Gerhardt,Centrocampista,26,https://thumb.resfu.com/media/img/1px.gif,184,79,1,0,1
Temporada2018,Wolfsburg,10,https://thumb.resfu.com/img_data/players/medium/107160.jpg?size=60x&5,Y. Malli,Centrocampista,28,https://thumb.resfu.com/media/img/1px.gif,179,70,5,0,3
Temporada2018,Wolfsburg,22,https://thumb.resfu.com/img_data/players/medium/40401.jpg?size=60x&5,A. Mehmedi,Delantero,29,https://thumb.resfu.com/media/img/1px.gif,183,74,3,0,3
Temporada2018,Wolfsburg,14,https://thumb.resfu.com/img_data/players/medium/185410.jpg?size=60x&5,D. Origi,Delantero,24,https://thumb.resfu.com/media/img/1px.gif,185,75,6,0,2
Temporada2018,Wolfsburg,21,https://thumb.resfu.com/img_data/players/medium/290006.jpg?size=60x&5,J. Brekalo,Delantero,21,https://thumb.resfu.com/media/img/1px.gif,180,70,4,0,3
Temporada2018,Wolfsburg,9,https://thumb.resfu.com/img_data/players/medium/331106.jpg?size=60x&5,L. Dimata,Delantero,22,https://thumb.resfu.com/media/img/1px.gif,185,80,0,1,2
Temporada2018,Wolfsburg,8,https://thumb.resfu.com/img_data/players/medium/49822.jpg?size=60x&5,R. Steffen,Delantero,28,https://thumb.resfu.com/media/img/1px.gif,170,65,0,0,3
Temporada2018,Wolfsburg,18,https://thumb.resfu.com/img_data/players/medium/295520.jpg?size=60x&5,V. Osimhen,Delantero,21,https://thumb.resfu.com/media/img/1px.gif,185,78,0,0,0
Temporada2018,SC Freiburg,1,https://thumb.resfu.com/img_data/players/medium/138762.jpg?size=60x&5,A. Schwolow,Portero,27,https://thumb.resfu.com/media/img/1px.gif,189,83,0,0,0
Temporada2018,SC Freiburg,21,https://thumb.resfu.com/img_data/players/medium/110490.jpg?size=60x&5,P. Klandt,Portero,36,https://thumb.resfu.com/media/img/1px.gif,184,80,0,0,0
Temporada2018,SC Freiburg,44,https://thumb.resfu.com/img_data/players/medium/143034.jpg?size=60x&5,R. Gikiewicz,Portero,32,https://thumb.resfu.com/media/img/1px.gif,190,86,0,0,0
Temporada2018,SC Freiburg,2,https://thumb.resfu.com/img_data/players/medium/56262.jpg?size=60x&5,A. Ignjovski,Defensa,29,https://thumb.resfu.com/media/img/1px.gif,175,69,0,0,0
Temporada2018,SC Freiburg,30,https://thumb.resfu.com/img_data/players/medium/162694.jpg?size=60x&5,C. Günter,Defensa,27,https://thumb.resfu.com/media/img/1px.gif,184,81,1,0,2
Temporada2018,SC Freiburg,52,https://thumb.resfu.com/img_data/players/medium/294270.jpg?size=60x&5,C. Okoroji,Defensa,22,https://thumb.resfu.com/media/img/1px.gif,178,73,0,0,0
Temporada2018,SC Freiburg,4,https://thumb.resfu.com/img_data/players/medium/243961.jpg?size=60x&5,C. Söyüncü,Defensa,23,https://thumb.resfu.com/media/img/1px.gif,187,80,1,2,6
Temporada2018,SC Freiburg,26,https://thumb.resfu.com/img_data/players/medium/107508.jpg?size=60x&5,G. Bussmann,Defensa,29,https://thumb.resfu.com/media/img/1px.gif,184,75,0,0,0
Temporada2018,SC Freiburg,24,https://thumb.resfu.com/img_data/players/medium/25557.jpg?size=60x&5,G. Niedermaier,Defensa,34,https://thumb.resfu.com/media/img/1px.gif,189,76,0,0,0
Temporada2018,SC Freiburg,17,https://thumb.resfu.com/img_data/players/medium/140260.jpg?size=60x&5,L. Kübler,Defensa,27,https://thumb.resfu.com/media/img/1px.gif,183,80,0,0,3
Temporada2018,SC Freiburg,40,https://thumb.resfu.com/img_data/players/medium/198131.jpg?size=60x&5,M. Dräger,Defensa,23,https://thumb.resfu.com/media/img/1px.gif,170,73,0,0,0
Temporada2018,SC Freiburg,5,https://thumb.resfu.com/img_data/players/medium/38719.jpg?size=60x&5,M. Gulde,Defensa,29,https://thumb.resfu.com/media/img/1px.gif,180,73,1,0,1
Temporada2018,SC Freiburg,20,https://thumb.resfu.com/img_data/players/medium/146838.jpg?size=60x&5,M. Kempf,Defensa,25,https://thumb.resfu.com/media/img/1px.gif,185,82,0,0,1
Temporada2018,SC Freiburg,3,https://thumb.resfu.com/img_data/players/medium/229449.jpg?size=60x&5,P. Lienhart,Defensa,23,https://thumb.resfu.com/media/img/1px.gif,180,78,0,0,2
Temporada2018,SC Freiburg,15,https://thumb.resfu.com/img_data/players/medium/201109.jpg?size=60x&5,P. Stenzel,Defensa,23,https://thumb.resfu.com/media/img/1px.gif,175,69,1,0,3
Temporada2018,SC Freiburg,25,https://thumb.resfu.com/img_data/players/medium/292413.jpg?size=60x&5,R. Koch,Defensa,23,https://thumb.resfu.com/media/img/1px.gif,190,82,2,0,3
Temporada2018,SC Freiburg,6,https://thumb.resfu.com/img_data/players/medium/67510.jpg?size=60x&5,A. Abrashi,Centrocampista,29,https://thumb.resfu.com/media/img/1px.gif,172,70,0,0,2
Temporada2018,SC Freiburg,32,https://thumb.resfu.com/img_data/players/medium/222063.jpg?size=60x&5,B. Kapustka,Centrocampista,23,https://thumb.resfu.com/media/img/1px.gif,179,60,1,0,0
Temporada2018,SC Freiburg,33,https://thumb.resfu.com/img_data/players/medium/200932.jpg?size=60x&5,C. Stanko,Centrocampista,26,https://thumb.resfu.com/media/img/1px.gif,180,70,0,0,0
Temporada2018,SC Freiburg,19,https://thumb.resfu.com/img_data/players/medium/204812.jpg?size=60x&5,J. Haberer,Centrocampista,25,https://thumb.resfu.com/media/img/1px.gif,187,70,3,0,9
Temporada2018,SC Freiburg,23,https://thumb.resfu.com/img_data/players/medium/2159.jpg?size=60x&5,J. Schuster,Centrocampista,34,https://thumb.resfu.com/media/img/1px.gif,190,78,0,0,1
Temporada2018,SC Freiburg,8,https://thumb.resfu.com/img_data/players/medium/25044.jpg?size=60x&5,M. Frantz,Centrocampista,33,https://thumb.resfu.com/media/img/1px.gif,180,77,0,0,0
Temporada2018,SC Freiburg,27,https://thumb.resfu.com/img_data/players/medium/109793.jpg?size=60x&5,N. Höfler,Centrocampista,30,https://thumb.resfu.com/media/img/1px.gif,181,77,1,1,8
Temporada2018,SC Freiburg,14,https://thumb.resfu.com/img_data/players/medium/339417.jpg?size=60x&5,P. Kammerbauer,Centrocampista,23,https://thumb.resfu.com/media/img/1px.gif,174,73,0,0,0
Temporada2018,SC Freiburg,22,https://thumb.resfu.com/img_data/players/medium/275536.jpg?size=60x&5,V. Sierro,Centrocampista,24,https://thumb.resfu.com/media/img/1px.gif,184,74,0,0,0
Temporada2018,SC Freiburg,38,https://thumb.resfu.com/img_data/players/medium/200927.jpg?size=60x&5,F. Kath,Delantero,25,https://thumb.resfu.com/media/img/1px.gif,185,78,1,0,3
Temporada2018,SC Freiburg,7,https://thumb.resfu.com/img_data/players/medium/109616.jpg?size=60x&5,F. Niederlechner,Delantero,29,https://thumb.resfu.com/media/img/1px.gif,186,80,2,0,1
Temporada2018,SC Freiburg,9,https://thumb.resfu.com/img_data/players/medium/200278.jpg?size=60x&5,Höler,Delantero,25,https://thumb.resfu.com/media/img/1px.gif,184,80,1,0,0
Temporada2018,SC Freiburg,31,https://thumb.resfu.com/img_data/players/medium/123169.jpg?size=60x&5,K. Guédé,Delantero,35,https://thumb.resfu.com/media/img/1px.gif,184,77,0,0,0
Temporada2018,SC Freiburg,13,https://thumb.resfu.com/img_data/players/medium/38716.jpg?size=60x&5,M. Terrazzino,Delantero,28,https://thumb.resfu.com/media/img/1px.gif,176,70,0,0,3
Temporada2018,SC Freiburg,18,https://thumb.resfu.com/img_data/players/medium/25511.jpg?size=60x&5,N. Petersen,Delantero,31,https://thumb.resfu.com/media/img/1px.gif,188,79,15,1,5
Temporada2018,SC Freiburg,34,https://thumb.resfu.com/img_data/players/medium/230512.jpg?size=60x&5,T. Kleindienst,Delantero,24,https://thumb.resfu.com/media/img/1px.gif,194,82,2,0,2
Temporada2018,SC Freiburg,16,https://thumb.resfu.com/img_data/players/medium/21329.jpg?size=60x&5,Y. Ravet,Delantero,30,https://thumb.resfu.com/media/img/1px.gif,178,72,0,1,0
Temporada2018,Hoffenheim,33,https://thumb.resfu.com/img_data/players/medium/1833.jpg?size=60x&5,A. Stolz,Portero,36,https://thumb.resfu.com/media/img/1px.gif,189,86,0,0,0
Temporada2018,Hoffenheim,36,https://thumb.resfu.com/img_data/players/medium/320438.jpg?size=60x&5,G. Kobel,Portero,22,https://thumb.resfu.com/media/img/1px.gif,193,90,0,0,0
Temporada2018,Hoffenheim,1,https://thumb.resfu.com/img_data/players/medium/71136.jpg?size=60x&5,O. Baumann,Portero,29,https://thumb.resfu.com/media/img/1px.gif,187,80,0,0,0
Temporada2018,Hoffenheim,21,https://thumb.resfu.com/img_data/players/medium/48656.jpg?size=60x&5,B. Hübner,Defensa,30,https://thumb.resfu.com/media/img/1px.gif,193,85,3,0,9
Temporada2018,Hoffenheim,4,https://thumb.resfu.com/img_data/players/medium/84711.jpg?size=60x&5,E. Bičakčić,Defensa,30,https://thumb.resfu.com/media/img/1px.gif,185,81,0,0,4
Temporada2018,Hoffenheim,31,https://thumb.resfu.com/img_data/players/medium/283719.jpg?size=60x&5,F. Passlack,Defensa,21,https://thumb.resfu.com/media/img/1px.gif,170,65,0,0,0
Temporada2018,Hoffenheim,24,https://thumb.resfu.com/img_data/players/medium/314905.jpg?size=60x&5,J. Hoogma,Defensa,21,https://thumb.resfu.com/media/img/1px.gif,184,65,0,0,0
Temporada2018,Hoffenheim,25,https://thumb.resfu.com/img_data/players/medium/183278.jpg?size=60x&5,K. Akpoguma,Defensa,24,https://thumb.resfu.com/media/img/1px.gif,192,83,0,0,1
Temporada2018,Hoffenheim,22,https://thumb.resfu.com/img_data/players/medium/109724.jpg?size=60x&5,K. Vogt,Defensa,28,https://thumb.resfu.com/media/img/1px.gif,194,85,0,0,9
Temporada2018,Hoffenheim,16,https://thumb.resfu.com/img_data/players/medium/89152.jpg?size=60x&5,N. Schulz,Defensa,26,https://thumb.resfu.com/media/img/1px.gif,180,78,1,0,3
Temporada2018,Hoffenheim,3,https://thumb.resfu.com/img_data/players/medium/75903.jpg?size=60x&5,P. Kaderabek,Defensa,27,https://thumb.resfu.com/media/img/1px.gif,177,69,2,0,5
Temporada2018,Hoffenheim,38,https://thumb.resfu.com/img_data/players/medium/320344.jpg?size=60x&5,S. Posch,Defensa,22,https://thumb.resfu.com/media/img/1px.gif,188,76,0,0,3
Temporada2018,Hoffenheim,32,https://thumb.resfu.com/img_data/players/medium/219557.jpg?size=60x&5,D. Geiger,Centrocampista,21,https://thumb.resfu.com/media/img/1px.gif,172,65,2,0,9
Temporada2018,Hoffenheim,8,https://thumb.resfu.com/img_data/players/medium/7709.jpg?size=60x&5,E. Polanski,Centrocampista,33,https://thumb.resfu.com/media/img/1px.gif,183,73,0,0,1
Temporada2018,Hoffenheim,11,https://thumb.resfu.com/img_data/players/medium/199830.jpg?size=60x&5,F. Grillitsch,Centrocampista,24,https://thumb.resfu.com/media/img/1px.gif,186,73,1,0,5
Temporada2018,Hoffenheim,6,https://thumb.resfu.com/img_data/players/medium/23923.jpg?size=60x&5,H. Nordtveit,Centrocampista,29,https://thumb.resfu.com/media/img/1px.gif,186,80,0,0,0
Temporada2018,Hoffenheim,10,https://thumb.resfu.com/img_data/players/medium/186539.jpg?size=60x&5,K. Demirbay,Centrocampista,26,https://thumb.resfu.com/media/img/1px.gif,185,80,2,0,3
Temporada2018,Hoffenheim,7,https://thumb.resfu.com/img_data/players/medium/83723.jpg?size=60x&5,L. Rupp,Centrocampista,29,https://thumb.resfu.com/media/img/1px.gif,178,64,3,0,1
Temporada2018,Hoffenheim,18,https://thumb.resfu.com/img_data/players/medium/264433.jpg?size=60x&5,N. Amiri,Centrocampista,23,https://thumb.resfu.com/media/img/1px.gif,180,69,2,0,4
Temporada2018,Hoffenheim,20,https://thumb.resfu.com/img_data/players/medium/86682.jpg?size=60x&5,R. Zulj,Centrocampista,28,https://thumb.resfu.com/media/img/1px.gif,189,81,0,0,1
Temporada2018,Hoffenheim,17,https://thumb.resfu.com/img_data/players/medium/50810.jpg?size=60x&5,S. Zuber,Centrocampista,28,https://thumb.resfu.com/media/img/1px.gif,181,68,1,0,2
Temporada2018,Hoffenheim,27,https://thumb.resfu.com/img_data/players/medium/7772.jpg?size=60x&5,A. Kramarić,Delantero,28,https://thumb.resfu.com/media/img/1px.gif,177,73,13,0,1
Temporada2018,Hoffenheim,28,https://thumb.resfu.com/img_data/players/medium/33536.jpg?size=60x&5,Á. Szalai,Delantero,32,https://thumb.resfu.com/media/img/1px.gif,193,87,5,0,2
Temporada2018,Hoffenheim,19,https://thumb.resfu.com/img_data/players/medium/193680.jpg?size=60x&5,M. Uth,Delantero,28,https://thumb.resfu.com/media/img/1px.gif,185,68,14,0,5
Temporada2018,Hoffenheim,37,https://thumb.resfu.com/img_data/players/medium/369000.jpg?size=60x&5,R. Hack,Delantero,21,https://thumb.resfu.com/media/img/1px.gif,176,72,1,0,0
Temporada2018,Hoffenheim,29,https://thumb.resfu.com/img_data/players/medium/159815.jpg?size=60x&5,S. Gnabry,Delantero,24,https://thumb.resfu.com/media/img/1px.gif,173,73,10,0,0
Temporada2018,Stuttgart,26,https://thumb.resfu.com/img_data/players/medium/200486.jpg?size=60x&5,A. Meyer-Schade,Portero,28,https://thumb.resfu.com/media/img/1px.gif,195,88,0,0,0
Temporada2018,Stuttgart,13,https://thumb.resfu.com/img_data/players/medium/25125.jpg?size=60x&5,J. Grahl,Portero,31,https://thumb.resfu.com/media/img/1px.gif,193,88,0,0,0
Temporada2018,Stuttgart,16,https://thumb.resfu.com/img_data/players/medium/69457.jpg?size=60x&5,R. Zieler,Portero,31,https://thumb.resfu.com/media/img/1px.gif,185,73,0,0,3
Temporada2018,Stuttgart,32,https://thumb.resfu.com/img_data/players/medium/1852.jpg?size=60x&5,A. Beck,Defensa,33,https://thumb.resfu.com/media/img/1px.gif,180,70,1,0,6
Temporada2018,Stuttgart,21,https://thumb.resfu.com/img_data/players/medium/247439.jpg?size=60x&5,B. Pavard,Defensa,23,https://thumb.resfu.com/media/img/1px.gif,187,73,1,0,2
Temporada2018,Stuttgart,24,https://thumb.resfu.com/img_data/players/medium/289100.jpg?size=60x&5,D. Burnic,Defensa,21,https://thumb.resfu.com/media/img/1px.gif,181,71,0,1,4
Temporada2018,Stuttgart,2,https://thumb.resfu.com/img_data/players/medium/30522.jpg?size=60x&5,E. Insúa,Defensa,31,https://thumb.resfu.com/media/img/1px.gif,179,85,0,0,2
Temporada2018,Stuttgart,28,https://thumb.resfu.com/img_data/players/medium/25560.jpg?size=60x&5,H. Badstuber,Defensa,31,https://thumb.resfu.com/media/img/1px.gif,189,78,2,0,2
Temporada2018,Stuttgart,35,https://thumb.resfu.com/img_data/players/medium/142159.jpg?size=60x&5,M. Kamiński,Defensa,28,https://thumb.resfu.com/media/img/1px.gif,189,82,0,0,0
Temporada2018,Stuttgart,25,https://thumb.resfu.com/img_data/players/medium/21412.jpg?size=60x&5,M. Zimmermann,Defensa,27,https://thumb.resfu.com/media/img/1px.gif,176,73,0,0,0
Temporada2018,Stuttgart,5,https://thumb.resfu.com/img_data/players/medium/204791.jpg?size=60x&5,T. Baumgartl,Defensa,24,https://thumb.resfu.com/media/img/1px.gif,178,70,0,0,4
Temporada2018,Stuttgart,31,https://thumb.resfu.com/img_data/players/medium/331863.jpg?size=60x&5,B. Ozcan,Centrocampista,22,https://thumb.resfu.com/media/img/1px.gif,178,80,1,0,1
Temporada2018,Stuttgart,19,https://thumb.resfu.com/img_data/players/medium/215177.jpg?size=60x&5,C. Akolo,Centrocampista,24,https://thumb.resfu.com/media/img/1px.gif,172,72,5,0,2
Temporada2018,Stuttgart,20,https://thumb.resfu.com/img_data/players/medium/2067.jpg?size=60x&5,C. Gentner,Centrocampista,34,https://thumb.resfu.com/media/img/1px.gif,189,81,2,0,3
Temporada2018,Stuttgart,3,https://thumb.resfu.com/img_data/players/medium/21384.jpg?size=60x&5,D. Aogo,Centrocampista,33,https://thumb.resfu.com/media/img/1px.gif,184,84,0,0,5
Temporada2018,Stuttgart,17,https://thumb.resfu.com/img_data/players/medium/205940.jpg?size=60x&5,E. Thommy,Centrocampista,25,https://thumb.resfu.com/media/img/1px.gif,174,64,2,0,1
Temporada2018,Stuttgart,23,https://thumb.resfu.com/img_data/players/medium/274939.jpg?size=60x&5,O. Mangala,Centrocampista,21,https://thumb.resfu.com/media/img/1px.gif,178,78,0,0,2
Temporada2018,Stuttgart,6,https://thumb.resfu.com/img_data/players/medium/312137.jpg?size=60x&5,S. Ascacíbar,Centrocampista,23,https://thumb.resfu.com/media/img/1px.gif,168,68,0,1,12
Temporada2018,Stuttgart,14,https://thumb.resfu.com/img_data/players/medium/194444.jpg?size=60x&5,A. Donis,Delantero,23,https://thumb.resfu.com/media/img/1px.gif,176,75,2,0,1
Temporada2018,Stuttgart,34,https://thumb.resfu.com/img_data/players/medium/289095.jpg?size=60x&5,Bruun Larsen,Delantero,21,https://thumb.resfu.com/media/img/1px.gif,183,72,0,0,0
Temporada2018,Stuttgart,15,https://thumb.resfu.com/img_data/players/medium/161116.jpg?size=60x&5,Carlos Mané,Delantero,26,https://thumb.resfu.com/media/img/1px.gif,165,55,0,0,0
Temporada2018,Stuttgart,33,https://thumb.resfu.com/img_data/players/medium/47680.jpg?size=60x&5,D. Ginczek,Delantero,28,https://thumb.resfu.com/media/img/1px.gif,187,79,7,0,3
Temporada2018,Stuttgart,27,https://thumb.resfu.com/img_data/players/medium/27873.jpg?size=60x&5,M. Gómez,Delantero,34,https://thumb.resfu.com/media/img/1px.gif,189,88,9,0,3
Temporada2018,Stuttgart,39,https://thumb.resfu.com/img_data/players/medium/303342.jpg?size=60x&5,N. Sessa,Delantero,23,https://thumb.resfu.com/media/img/1px.gif,170,68,0,0,0
Temporada2018,Stuttgart,11,https://thumb.resfu.com/img_data/players/medium/167462.jpg?size=60x&5,T. Asano,Delantero,25,https://thumb.resfu.com/media/img/1px.gif,173,71,1,0,1
Temporada2018,Hannover 96,23,https://thumb.resfu.com/img_data/players/medium/86239.jpg?size=60x&5,M. Esser,Portero,32,https://thumb.resfu.com/media/img/1px.gif,198,97,0,0,0
Temporada2018,Hannover 96,30,https://thumb.resfu.com/img_data/players/medium/448124.jpg?size=60x&5,M. Sündermann,Portero,21,https://thumb.resfu.com/media/img/1px.gif,186,73,0,0,0
Temporada2018,Hannover 96,1,https://thumb.resfu.com/img_data/players/medium/111650.jpg?size=60x&5,P. Tschauner,Portero,34,https://thumb.resfu.com/media/img/1px.gif,196,88,0,0,1
Temporada2018,Hannover 96,19,https://thumb.resfu.com/img_data/players/medium/61568.jpg?size=60x&5,F. Hübner,Defensa,29,https://thumb.resfu.com/media/img/1px.gif,191,82,0,0,2
Temporada2018,Hannover 96,5,https://thumb.resfu.com/img_data/players/medium/69097.jpg?size=60x&5,Felipe,Defensa,32,https://thumb.resfu.com/media/img/1px.gif,193,89,0,0,0
Temporada2018,Hannover 96,2,https://thumb.resfu.com/img_data/players/medium/182835.jpg?size=60x&5,J. Elez,Defensa,25,https://thumb.resfu.com/media/img/1px.gif,189,87,0,0,1
Temporada2018,Hannover 96,4,https://thumb.resfu.com/img_data/players/medium/107449.jpg?size=60x&5,J. Korb,Defensa,27,https://thumb.resfu.com/media/img/1px.gif,173,60,1,0,8
Temporada2018,Hannover 96,22,https://thumb.resfu.com/img_data/players/medium/109716.jpg?size=60x&5,M. Ostrzolek,Defensa,29,https://thumb.resfu.com/media/img/1px.gif,178,78,0,0,5
Temporada2018,Hannover 96,3,https://thumb.resfu.com/img_data/players/medium/152510.jpg?size=60x&5,Miiko Albornóz,Defensa,29,https://thumb.resfu.com/media/img/1px.gif,180,80,0,0,1
Temporada2018,Hannover 96,25,https://thumb.resfu.com/img_data/players/medium/129538.jpg?size=60x&5,O. Sorg,Defensa,29,https://thumb.resfu.com/media/img/1px.gif,175,69,0,0,4
Temporada2018,Hannover 96,20,https://thumb.resfu.com/img_data/players/medium/84727.jpg?size=60x&5,S. Sane,Defensa,29,https://thumb.resfu.com/media/img/1px.gif,196,84,4,0,6
Temporada2018,Hannover 96,15,https://thumb.resfu.com/img_data/players/medium/285149.jpg?size=60x&5,T. Hubers,Defensa,23,https://thumb.resfu.com/media/img/1px.gif,190,82,0,0,2
Temporada2018,Hannover 96,31,https://thumb.resfu.com/img_data/players/medium/281589.jpg?size=60x&5,W. Anton,Defensa,23,https://thumb.resfu.com/media/img/1px.gif,189,66,1,0,1
Temporada2018,Hannover 96,7,https://thumb.resfu.com/img_data/players/medium/110523.jpg?size=60x&5,E. Prib,Centrocampista,30,https://thumb.resfu.com/media/img/1px.gif,181,74,0,0,0
Temporada2018,Hannover 96,18,https://thumb.resfu.com/img_data/players/medium/217298.jpg?size=60x&5,I. Fossum,Centrocampista,23,https://thumb.resfu.com/media/img/1px.gif,180,73,1,0,0
Temporada2018,Hannover 96,40,https://thumb.resfu.com/img_data/players/medium/342144.jpg?size=60x&5,L. Maina,Centrocampista,20,https://thumb.resfu.com/media/img/1px.gif,173,65,0,0,0
Temporada2018,Hannover 96,6,https://thumb.resfu.com/img_data/players/medium/109132.jpg?size=60x&5,M. Bakalorz,Centrocampista,30,https://thumb.resfu.com/media/img/1px.gif,180,76,0,0,4
Temporada2018,Hannover 96,8,https://thumb.resfu.com/img_data/players/medium/60867.jpg?size=60x&5,M. Schmiedebach,Centrocampista,31,https://thumb.resfu.com/media/img/1px.gif,174,68,0,0,1
Temporada2018,Hannover 96,27,https://thumb.resfu.com/img_data/players/medium/2160.jpg?size=60x&5,P. Schwegler,Centrocampista,33,https://thumb.resfu.com/media/img/1px.gif,177,72,0,0,10
Temporada2018,Hannover 96,10,https://thumb.resfu.com/img_data/players/medium/127225.jpg?size=60x&5,S. Maier,Centrocampista,26,https://thumb.resfu.com/media/img/1px.gif,176,75,0,0,0
Temporada2018,Hannover 96,35,https://thumb.resfu.com/img_data/players/medium/30189.jpg?size=60x&5,C. Benschop,Delantero,30,https://thumb.resfu.com/media/img/1px.gif,191,90,1,0,0
Temporada2018,Hannover 96,11,https://thumb.resfu.com/img_data/players/medium/110525.jpg?size=60x&5,F. Klaus,Delantero,27,https://thumb.resfu.com/media/img/1px.gif,179,79,4,0,5
Temporada2018,Hannover 96,13,https://thumb.resfu.com/img_data/players/medium/200027.jpg?size=60x&5,I. Bebou,Delantero,25,https://thumb.resfu.com/media/img/1px.gif,183,72,5,0,3
Temporada2018,Hannover 96,9,https://thumb.resfu.com/img_data/players/medium/22366.jpg?size=60x&5,Jonathas,Delantero,31,https://thumb.resfu.com/media/img/1px.gif,190,81,3,0,2
Temporada2018,Hannover 96,26,https://thumb.resfu.com/img_data/players/medium/187826.jpg?size=60x&5,K. Karaman,Delantero,26,https://thumb.resfu.com/media/img/1px.gif,189,78,1,0,2
Temporada2018,Hannover 96,14,https://thumb.resfu.com/img_data/players/medium/60764.jpg?size=60x&5,M. Harnik,Delantero,32,https://thumb.resfu.com/media/img/1px.gif,185,75,9,0,2
Temporada2018,Hannover 96,24,https://thumb.resfu.com/img_data/players/medium/122602.jpg?size=60x&5,N. Füllkrug,Delantero,27,https://thumb.resfu.com/media/img/1px.gif,188,78,14,0,2
Temporada2018,Hannover 96,37,https://thumb.resfu.com/img_data/players/medium/281588.jpg?size=60x&5,Noah-Joel,Delantero,23,https://thumb.resfu.com/media/img/1px.gif,182,70,0,0,1
Temporada2018,Eintracht,37,https://thumb.resfu.com/img_data/players/medium/1843.jpg?size=60x&5,J. Zimmermann,Portero,34,https://thumb.resfu.com/media/img/1px.gif,190,87,0,0,0
Temporada2018,Eintracht,34,https://thumb.resfu.com/img_data/players/medium/335083.jpg?size=60x&5,L. Bätge,Portero,22,https://thumb.resfu.com/media/img/1px.gif,188,75,0,0,0
Temporada2018,Eintracht,1,https://thumb.resfu.com/img_data/players/medium/231081.jpg?size=60x&5,L. Hradecky,Portero,30,https://thumb.resfu.com/media/img/1px.gif,190,80,0,0,1
Temporada2018,Eintracht,13,https://thumb.resfu.com/img_data/players/medium/97981.jpg?size=60x&5,C. Salcedo,Defensa,26,https://thumb.resfu.com/media/img/1px.gif,185,77,0,0,5
Temporada2018,Eintracht,19,https://thumb.resfu.com/img_data/players/medium/110870.jpg?size=60x&5,D. Abraham,Defensa,33,https://thumb.resfu.com/media/img/1px.gif,187,83,0,0,3
Temporada2018,Eintracht,26,https://thumb.resfu.com/img_data/players/medium/369222.jpg?size=60x&5,D. Beyreuther,Defensa,20,https://thumb.resfu.com/media/img/1px.gif,180,69,0,0,0
Temporada2018,Eintracht,24,https://thumb.resfu.com/img_data/players/medium/183272.jpg?size=60x&5,D. Da Costa,Defensa,26,https://thumb.resfu.com/media/img/1px.gif,185,81,1,0,1
Temporada2018,Eintracht,15,https://thumb.resfu.com/img_data/players/medium/85181.jpg?size=60x&5,J. Willems,Defensa,25,https://thumb.resfu.com/media/img/1px.gif,169,66,0,0,4
Temporada2018,Eintracht,23,https://thumb.resfu.com/img_data/players/medium/1974.jpg?size=60x&5,M. Russ,Defensa,34,https://thumb.resfu.com/media/img/1px.gif,190,75,1,0,3
Temporada2018,Eintracht,3,https://thumb.resfu.com/img_data/players/medium/138901.jpg?size=60x&5,S. Falette,Defensa,28,https://thumb.resfu.com/media/img/1px.gif,184,80,1,1,10
Temporada2018,Eintracht,22,https://thumb.resfu.com/img_data/players/medium/88903.jpg?size=60x&5,T. Chandler,Defensa,29,https://thumb.resfu.com/media/img/1px.gif,186,83,2,0,3
Temporada2018,Eintracht,33,https://thumb.resfu.com/img_data/players/medium/194794.jpg?size=60x&5,T. Tawatha,Defensa,27,https://thumb.resfu.com/media/img/1px.gif,176,64,0,0,1
Temporada2018,Eintracht,28,https://thumb.resfu.com/img_data/players/medium/337384.jpg?size=60x&5,A. Barkok,Centrocampista,21,https://thumb.resfu.com/media/img/1px.gif,188,75,0,0,1
Temporada2018,Eintracht,40,https://thumb.resfu.com/img_data/players/medium/276243.jpg?size=60x&5,D. Kamada,Centrocampista,23,https://thumb.resfu.com/media/img/1px.gif,180,72,0,0,0
Temporada2018,Eintracht,5,https://thumb.resfu.com/img_data/players/medium/27214.jpg?size=60x&5,G. Fernandes,Centrocampista,33,https://thumb.resfu.com/media/img/1px.gif,183,70,0,0,4
Temporada2018,Eintracht,6,https://thumb.resfu.com/img_data/players/medium/1534.jpg?size=60x&5,J. De Guzmán,Centrocampista,32,https://thumb.resfu.com/media/img/1px.gif,173,65,0,0,2
Temporada2018,Eintracht,42,https://thumb.resfu.com/img_data/players/medium/343540.jpg?size=60x&5,M. Cavar,Centrocampista,22,https://thumb.resfu.com/media/img/1px.gif,184,72,0,0,0
Temporada2018,Eintracht,10,https://thumb.resfu.com/img_data/players/medium/59759.jpg?size=60x&5,M. Fabián,Centrocampista,30,https://thumb.resfu.com/media/img/1px.gif,171,70,1,0,0
Temporada2018,Eintracht,11,https://thumb.resfu.com/img_data/players/medium/185508.jpg?size=60x&5,M. Gačinović,Centrocampista,25,https://thumb.resfu.com/media/img/1px.gif,175,68,1,0,4
Temporada2018,Eintracht,20,https://thumb.resfu.com/img_data/players/medium/2076.jpg?size=60x&5,M. Hasebe,Centrocampista,36,https://thumb.resfu.com/media/img/1px.gif,180,72,0,1,3
Temporada2018,Eintracht,21,https://thumb.resfu.com/img_data/players/medium/146840.jpg?size=60x&5,M. Stendera,Centrocampista,24,https://thumb.resfu.com/media/img/1px.gif,171,64,0,0,1
Temporada2018,Eintracht,39,https://thumb.resfu.com/img_data/players/medium/78466.jpg?size=60x&5,O. Mascarell,Centrocampista,27,https://thumb.resfu.com/media/img/1px.gif,180,72,1,0,4
Temporada2018,Eintracht,14,https://thumb.resfu.com/img_data/players/medium/2117.jpg?size=60x&5,A. Meier,Delantero,37,https://thumb.resfu.com/media/img/1px.gif,196,84,1,0,0
Temporada2018,Eintracht,4,https://thumb.resfu.com/img_data/players/medium/123919.jpg?size=60x&5,A. Rebić,Delantero,26,https://thumb.resfu.com/media/img/1px.gif,188,77,6,0,8
Temporada2018,Eintracht,31,https://thumb.resfu.com/img_data/players/medium/144348.jpg?size=60x&5,B. Hrgota,Delantero,27,https://thumb.resfu.com/media/img/1px.gif,182,62,0,0,1
Temporada2018,Eintracht,7,https://thumb.resfu.com/img_data/players/medium/93503.jpg?size=60x&5,D. Blum,Delantero,29,https://thumb.resfu.com/media/img/1px.gif,181,73,1,0,0
Temporada2018,Eintracht,17,https://thumb.resfu.com/img_data/players/medium/290.jpg?size=60x&5,K-P. Boateng,Delantero,33,https://thumb.resfu.com/media/img/1px.gif,185,86,6,0,5
Temporada2018,Eintracht,8,https://thumb.resfu.com/img_data/players/medium/222134.jpg?size=60x&5,L. Jović,Delantero,22,https://thumb.resfu.com/media/img/1px.gif,181,79,8,0,2
Temporada2018,Eintracht,27,https://thumb.resfu.com/img_data/players/medium/241258.jpg?size=60x&5,M. Wolf,Delantero,24,https://thumb.resfu.com/media/img/1px.gif,187,73,5,0,4
Temporada2018,Eintracht,32,https://thumb.resfu.com/img_data/players/medium/363465.jpg?size=60x&5,N. Mbouhom,Delantero,20,https://thumb.resfu.com/media/img/1px.gif,177,78,0,0,0
Temporada2018,Eintracht,9,https://thumb.resfu.com/img_data/players/medium/140352.jpg?size=60x&5,S. Haller,Delantero,25,https://thumb.resfu.com/media/img/1px.gif,190,88,9,0,2
Temporada2018,Hertha BSC,31,https://thumb.resfu.com/img_data/players/medium/358307.jpg?size=60x&5,D. Smarsch,Portero,21,https://thumb.resfu.com/media/img/1px.gif,195,97,0,0,0
Temporada2018,Hertha BSC,33,https://thumb.resfu.com/img_data/players/medium/363316.jpg?size=60x&5,J. Klinsmann,Portero,22,https://thumb.resfu.com/media/img/1px.gif,194,86,0,0,0
Temporada2018,Hertha BSC,22,https://thumb.resfu.com/img_data/players/medium/138008.jpg?size=60x&5,R. Jarstein,Portero,35,https://thumb.resfu.com/media/img/1px.gif,190,82,0,0,2
Temporada2018,Hertha BSC,1,https://thumb.resfu.com/img_data/players/medium/21378.jpg?size=60x&5,T. Kraft,Portero,31,https://thumb.resfu.com/media/img/1px.gif,185,82,0,0,1
Temporada2018,Hertha BSC,29,https://thumb.resfu.com/img_data/players/medium/320351.jpg?size=60x&5,F. Baak,Defensa,20,https://thumb.resfu.com/media/img/1px.gif,185,75,0,0,0
Temporada2018,Hertha BSC,28,https://thumb.resfu.com/img_data/players/medium/2110.jpg?size=60x&5,F. Lustenberger,Defensa,31,https://thumb.resfu.com/media/img/1px.gif,180,70,0,0,3
Temporada2018,Hertha BSC,25,https://thumb.resfu.com/img_data/players/medium/308095.jpg?size=60x&5,J. Torunarigha,Defensa,22,https://thumb.resfu.com/media/img/1px.gif,189,77,1,1,0
Temporada2018,Hertha BSC,4,https://thumb.resfu.com/img_data/players/medium/159872.jpg?size=60x&5,K. Rekik,Defensa,25,https://thumb.resfu.com/media/img/1px.gif,184,76,2,0,4
Temporada2018,Hertha BSC,17,https://thumb.resfu.com/img_data/players/medium/249348.jpg?size=60x&5,M. Mittelstädt,Defensa,22,https://thumb.resfu.com/media/img/1px.gif,178,65,0,0,0
Temporada2018,Hertha BSC,21,https://thumb.resfu.com/img_data/players/medium/83290.jpg?size=60x&5,M. Plattenhardt,Defensa,28,https://thumb.resfu.com/media/img/1px.gif,181,73,0,0,6
Temporada2018,Hertha BSC,23,https://thumb.resfu.com/img_data/players/medium/131270.jpg?size=60x&5,M. Weiser,Defensa,25,https://thumb.resfu.com/media/img/1px.gif,176,67,1,0,2
Temporada2018,Hertha BSC,5,https://thumb.resfu.com/img_data/players/medium/178072.jpg?size=60x&5,N. Stark,Defensa,24,https://thumb.resfu.com/media/img/1px.gif,188,80,1,0,2
Temporada2018,Hertha BSC,2,https://thumb.resfu.com/img_data/players/medium/29183.jpg?size=60x&5,P. Pekarik,Defensa,33,https://thumb.resfu.com/media/img/1px.gif,176,72,0,0,1
Temporada2018,Hertha BSC,26,https://thumb.resfu.com/img_data/players/medium/320356.jpg?size=60x&5,A. Maier,Centrocampista,21,https://thumb.resfu.com/media/img/1px.gif,183,79,0,0,1
Temporada2018,Hertha BSC,10,https://thumb.resfu.com/img_data/players/medium/222173.jpg?size=60x&5,O. Duda,Centrocampista,25,https://thumb.resfu.com/media/img/1px.gif,181,74,1,0,3
Temporada2018,Hertha BSC,3,https://thumb.resfu.com/img_data/players/medium/14954.jpg?size=60x&5,P. Skjelbred,Centrocampista,32,https://thumb.resfu.com/media/img/1px.gif,175,62,0,0,2
Temporada2018,Hertha BSC,6,https://thumb.resfu.com/img_data/players/medium/71529.jpg?size=60x&5,V. Darida,Centrocampista,29,https://thumb.resfu.com/media/img/1px.gif,171,64,0,0,2
Temporada2018,Hertha BSC,20,https://thumb.resfu.com/img_data/players/medium/159259.jpg?size=60x&5,V. Lazaro,Centrocampista,23,https://thumb.resfu.com/media/img/1px.gif,180,75,2,0,4
Temporada2018,Hertha BSC,7,https://thumb.resfu.com/img_data/players/medium/21434.jpg?size=60x&5,A. Esswein,Delantero,29,https://thumb.resfu.com/media/img/1px.gif,181,76,2,0,0
Temporada2018,Hertha BSC,27,https://thumb.resfu.com/img_data/players/medium/199822.jpg?size=60x&5,D. Selke,Delantero,25,https://thumb.resfu.com/media/img/1px.gif,192,75,10,0,4
Temporada2018,Hertha BSC,16,https://thumb.resfu.com/img_data/players/medium/25450.jpg?size=60x&5,J. Schieber,Delantero,31,https://thumb.resfu.com/media/img/1px.gif,186,83,0,0,0
Temporada2018,Hertha BSC,34,https://thumb.resfu.com/img_data/players/medium/331332.jpg?size=60x&5,M. Covic,Delantero,21,https://thumb.resfu.com/media/img/1px.gif,169,62,0,0,0
Temporada2018,Hertha BSC,11,https://thumb.resfu.com/img_data/players/medium/66934.jpg?size=60x&5,M. Leckie,Delantero,29,https://thumb.resfu.com/media/img/1px.gif,181,84,5,0,3
Temporada2018,Hertha BSC,32,https://thumb.resfu.com/img_data/players/medium/371341.jpg?size=60x&5,P. Dardai,Delantero,20,https://thumb.resfu.com/media/img/1px.gif,178,63,0,0,1
Temporada2018,Hertha BSC,8,https://thumb.resfu.com/img_data/players/medium/553.jpg?size=60x&5,S. Kalou,Delantero,34,https://thumb.resfu.com/media/img/1px.gif,184,77,12,0,0
Temporada2018,Hertha BSC,19,https://thumb.resfu.com/img_data/players/medium/8880.jpg?size=60x&5,V. Ibišević,Delantero,35,https://thumb.resfu.com/media/img/1px.gif,188,80,6,1,4
Temporada2018,FC Augsburg,1,https://thumb.resfu.com/img_data/players/medium/109712.jpg?size=60x&5,A. Luthe,Portero,33,https://thumb.resfu.com/media/img/1px.gif,195,90,0,0,0
Temporada2018,FC Augsburg,13,https://thumb.resfu.com/img_data/players/medium/38572.jpg?size=60x&5,F. Giefer,Portero,29,https://thumb.resfu.com/media/img/1px.gif,196,86,0,0,0
Temporada2018,FC Augsburg,35,https://thumb.resfu.com/img_data/players/medium/21427.jpg?size=60x&5,M. Hitz,Portero,32,https://thumb.resfu.com/media/img/1px.gif,192,89,0,0,2
Temporada2018,FC Augsburg,16,https://thumb.resfu.com/img_data/players/medium/21417.jpg?size=60x&5,C. Janker,Defensa,35,https://thumb.resfu.com/media/img/1px.gif,184,73,0,0,0
Temporada2018,FC Augsburg,4,https://thumb.resfu.com/img_data/players/medium/145951.jpg?size=60x&5,D. Opare,Defensa,29,https://thumb.resfu.com/media/img/1px.gif,172,65,0,0,6
Temporada2018,FC Augsburg,6,https://thumb.resfu.com/img_data/players/medium/101482.jpg?size=60x&5,J. Gouweleeuw,Defensa,28,https://thumb.resfu.com/media/img/1px.gif,187,73,0,0,4
Temporada2018,FC Augsburg,17,https://thumb.resfu.com/img_data/players/medium/88902.jpg?size=60x&5,J. Schmid,Defensa,29,https://thumb.resfu.com/media/img/1px.gif,179,77,0,0,1
Temporada2018,FC Augsburg,38,https://thumb.resfu.com/img_data/players/medium/309767.jpg?size=60x&5,K. Danso,Defensa,21,https://thumb.resfu.com/media/img/1px.gif,190,80,2,0,2
Temporada2018,FC Augsburg,25,https://thumb.resfu.com/img_data/players/medium/332531.jpg?size=60x&5,K. Jakob,Defensa,22,https://thumb.resfu.com/media/img/1px.gif,183,74,0,0,0
Temporada2018,FC Augsburg,36,https://thumb.resfu.com/img_data/players/medium/67242.jpg?size=60x&5,M. Hinteregger,Defensa,27,https://thumb.resfu.com/media/img/1px.gif,184,73,0,0,3
Temporada2018,FC Augsburg,31,https://thumb.resfu.com/img_data/players/medium/232892.jpg?size=60x&5,P. Max,Defensa,26,https://thumb.resfu.com/media/img/1px.gif,178,74,2,0,5
Temporada2018,FC Augsburg,32,https://thumb.resfu.com/img_data/players/medium/232029.jpg?size=60x&5,R. Framberger,Defensa,24,https://thumb.resfu.com/media/img/1px.gif,179,73,0,0,3
Temporada2018,FC Augsburg,26,https://thumb.resfu.com/img_data/players/medium/627372.jpg?size=60x&5,Simon Asta,Defensa,19,https://thumb.resfu.com/media/img/1px.gif,178,75,0,0,0
Temporada2018,FC Augsburg,10,https://thumb.resfu.com/img_data/players/medium/2018.jpg?size=60x&5,D. Baier,Centrocampista,35,https://thumb.resfu.com/media/img/1px.gif,176,77,0,0,6
Temporada2018,FC Augsburg,15,https://thumb.resfu.com/img_data/players/medium/290315.jpg?size=60x&5,E. Bekiroglu,Centrocampista,24,https://thumb.resfu.com/media/img/1px.gif,185,81,0,0,0
Temporada2018,FC Augsburg,20,https://thumb.resfu.com/img_data/players/medium/1912.jpg?size=60x&5,G. Kačar,Centrocampista,33,https://thumb.resfu.com/media/img/1px.gif,183,77,1,0,1
Temporada2018,FC Augsburg,14,https://thumb.resfu.com/img_data/players/medium/38540.jpg?size=60x&5,J. Morávek,Centrocampista,30,https://thumb.resfu.com/media/img/1px.gif,180,75,0,1,6
Temporada2018,FC Augsburg,19,https://thumb.resfu.com/img_data/players/medium/90300.jpg?size=60x&5,Koo Ja-Cheol,Centrocampista,31,https://thumb.resfu.com/media/img/1px.gif,182,73,2,0,2
Temporada2018,FC Augsburg,7,https://thumb.resfu.com/img_data/players/medium/2232.jpg?size=60x&5,M. Heller,Centrocampista,34,https://thumb.resfu.com/media/img/1px.gif,173,70,0,1,1
Temporada2018,FC Augsburg,8,https://thumb.resfu.com/img_data/players/medium/183335.jpg?size=60x&5,R. Khedira,Centrocampista,26,https://thumb.resfu.com/media/img/1px.gif,185,78,1,0,8
Temporada2018,FC Augsburg,29,https://thumb.resfu.com/img_data/players/medium/336760.jpg?size=60x&5,R. Roesch,Centrocampista,20,https://thumb.resfu.com/media/img/1px.gif,180,75,0,0,0
Temporada2018,FC Augsburg,27,https://thumb.resfu.com/img_data/players/medium/105247.jpg?size=60x&5,A. Finnbogason,Delantero,31,https://thumb.resfu.com/media/img/1px.gif,184,78,12,0,2
Temporada2018,FC Augsburg,30,https://thumb.resfu.com/img_data/players/medium/56408.jpg?size=60x&5,Caiuby,Delantero,31,https://thumb.resfu.com/media/img/1px.gif,184,80,5,0,8
Temporada2018,FC Augsburg,11,https://thumb.resfu.com/img_data/players/medium/66696.jpg?size=60x&5,M. Gregoritsch,Delantero,25,https://thumb.resfu.com/media/img/1px.gif,191,74,13,0,3
Temporada2018,FC Augsburg,37,https://thumb.resfu.com/img_data/players/medium/368995.jpg?size=60x&5,M. Malone,Delantero,19,https://thumb.resfu.com/media/img/1px.gif,184,80,0,0,0
Temporada2018,FC Augsburg,23,https://thumb.resfu.com/img_data/players/medium/277156.jpg?size=60x&5,M. Richter,Delantero,22,https://thumb.resfu.com/media/img/1px.gif,176,74,1,0,0
Temporada2018,FC Augsburg,21,https://thumb.resfu.com/img_data/players/medium/280034.jpg?size=60x&5,S. Córdova,Delantero,22,https://thumb.resfu.com/media/img/1px.gif,188,78,2,0,3
Temporada2018,FC Augsburg,9,https://thumb.resfu.com/img_data/players/medium/158993.jpg?size=60x&5,S. Parker,Delantero,27,https://thumb.resfu.com/media/img/1px.gif,179,76,0,0,1
Temporada2018,Mainz 05,37,https://thumb.resfu.com/img_data/players/medium/295685.jpg?size=60x&5,F. Dahmen,Portero,21,https://thumb.resfu.com/media/img/1px.gif,186,75,0,0,0
Temporada2018,Mainz 05,22,https://thumb.resfu.com/img_data/players/medium/332052.jpg?size=60x&5,F. Muller,Portero,22,https://thumb.resfu.com/media/img/1px.gif,192,87,0,0,0
Temporada2018,Mainz 05,1,https://thumb.resfu.com/img_data/players/medium/58872.jpg?size=60x&5,R. Adler,Portero,35,https://thumb.resfu.com/media/img/1px.gif,190,85,0,0,0
Temporada2018,Mainz 05,27,https://thumb.resfu.com/img_data/players/medium/232078.jpg?size=60x&5,R. Zentner,Portero,25,https://thumb.resfu.com/media/img/1px.gif,194,86,0,0,1
Temporada2018,Mainz 05,4,https://thumb.resfu.com/img_data/players/medium/220882.jpg?size=60x&5,A. Diallo,Defensa,23,https://thumb.resfu.com/media/img/1px.gif,183,72,2,0,5
Temporada2018,Mainz 05,42,https://thumb.resfu.com/img_data/players/medium/46809.jpg?size=60x&5,A. Hack,Defensa,26,https://thumb.resfu.com/media/img/1px.gif,193,83,1,0,2
Temporada2018,Mainz 05,18,https://thumb.resfu.com/img_data/players/medium/110582.jpg?size=60x&5,D. Brosinski,Defensa,31,https://thumb.resfu.com/media/img/1px.gif,178,70,1,0,0
Temporada2018,Mainz 05,2,https://thumb.resfu.com/img_data/players/medium/73012.jpg?size=60x&5,G. Donati,Defensa,30,https://thumb.resfu.com/media/img/1px.gif,178,80,0,2,4
Temporada2018,Mainz 05,3,https://thumb.resfu.com/img_data/players/medium/21470.jpg?size=60x&5,L. Balogun,Defensa,31,https://thumb.resfu.com/media/img/1px.gif,190,81,0,1,6
Temporada2018,Mainz 05,26,https://thumb.resfu.com/img_data/players/medium/7673.jpg?size=60x&5,N. Bungert,Defensa,33,https://thumb.resfu.com/media/img/1px.gif,188,75,0,0,0
Temporada2018,Mainz 05,16,https://thumb.resfu.com/img_data/players/medium/125974.jpg?size=60x&5,S. Bell,Defensa,28,https://thumb.resfu.com/media/img/1px.gif,192,86,1,0,8
Temporada2018,Mainz 05,10,https://thumb.resfu.com/img_data/players/medium/165633.jpg?size=60x&5,A. Maxim,Centrocampista,29,https://thumb.resfu.com/media/img/1px.gif,178,70,2,0,4
Temporada2018,Mainz 05,6,https://thumb.resfu.com/img_data/players/medium/38542.jpg?size=60x&5,D. Latza,Centrocampista,30,https://thumb.resfu.com/media/img/1px.gif,179,75,2,0,7
Temporada2018,Mainz 05,25,https://thumb.resfu.com/img_data/players/medium/183700.jpg?size=60x&5,J. Gbamin,Centrocampista,24,https://thumb.resfu.com/media/img/1px.gif,186,83,1,0,4
Temporada2018,Mainz 05,8,https://thumb.resfu.com/img_data/players/medium/186278.jpg?size=60x&5,L. Öztunali,Centrocampista,24,https://thumb.resfu.com/media/img/1px.gif,176,74,0,0,3
Temporada2018,Mainz 05,5,https://thumb.resfu.com/img_data/players/medium/2045.jpg?size=60x&5,N. De Jong,Centrocampista,35,https://thumb.resfu.com/media/img/1px.gif,174,72,0,0,2
Temporada2018,Mainz 05,32,https://thumb.resfu.com/img_data/players/medium/113026.jpg?size=60x&5,P. De Blasis,Centrocampista,32,https://thumb.resfu.com/media/img/1px.gif,164,62,5,0,2
Temporada2018,Mainz 05,34,https://thumb.resfu.com/img_data/players/medium/341999.jpg?size=60x&5,Ridle Baku,Centrocampista,21,https://thumb.resfu.com/media/img/1px.gif,176,68,2,0,1
Temporada2018,Mainz 05,23,https://thumb.resfu.com/img_data/players/medium/284054.jpg?size=60x&5,S. Serdar,Centrocampista,22,https://thumb.resfu.com/media/img/1px.gif,183,71,2,0,3
Temporada2018,Mainz 05,20,https://thumb.resfu.com/img_data/players/medium/107159.jpg?size=60x&5,A. Ujah,Delantero,29,https://thumb.resfu.com/media/img/1px.gif,183,82,0,0,0
Temporada2018,Mainz 05,11,https://thumb.resfu.com/img_data/players/medium/206346.jpg?size=60x&5,E. Berggreen,Delantero,26,https://thumb.resfu.com/media/img/1px.gif,179,75,4,0,2
Temporada2018,Mainz 05,38,https://thumb.resfu.com/img_data/players/medium/275521.jpg?size=60x&5,G. Holtmann,Delantero,24,https://thumb.resfu.com/media/img/1px.gif,183,73,2,0,1
Temporada2018,Mainz 05,21,https://thumb.resfu.com/img_data/players/medium/279803.jpg?size=60x&5,K. Onisiwo,Delantero,27,https://thumb.resfu.com/media/img/1px.gif,188,76,0,0,0
Temporada2018,Mainz 05,7,https://thumb.resfu.com/img_data/players/medium/147608.jpg?size=60x&5,R. Quaison,Delantero,26,https://thumb.resfu.com/media/img/1px.gif,183,73,4,0,3
Temporada2018,Mainz 05,9,https://thumb.resfu.com/img_data/players/medium/212603.jpg?size=60x&5,Y. Muto,Delantero,27,https://thumb.resfu.com/media/img/1px.gif,178,72,8,0,2
Temporada2018,Köln,35,https://thumb.resfu.com/img_data/players/medium/301469.jpg?size=60x&5,S. Müller,Portero,24,https://thumb.resfu.com/media/img/1px.gif,190,83,0,0,0
Temporada2018,Köln,1,https://thumb.resfu.com/img_data/players/medium/140258.jpg?size=60x&5,T. Horn,Portero,26,https://thumb.resfu.com/media/img/1px.gif,192,82,0,0,0
Temporada2018,Köln,18,https://thumb.resfu.com/img_data/players/medium/109759.jpg?size=60x&5,T. Kessler,Portero,34,https://thumb.resfu.com/media/img/1px.gif,197,92,0,0,0
Temporada2018,Köln,3,https://thumb.resfu.com/img_data/players/medium/136374.jpg?size=60x&5,D. Heintz,Defensa,26,https://thumb.resfu.com/media/img/1px.gif,190,85,1,0,3
Temporada2018,Köln,5,https://thumb.resfu.com/img_data/players/medium/44872.jpg?size=60x&5,D. Maroh,Defensa,33,https://thumb.resfu.com/media/img/1px.gif,183,86,0,0,0
Temporada2018,Köln,27,https://thumb.resfu.com/img_data/players/medium/284903.jpg?size=60x&5,F. Kusič,Defensa,23,https://thumb.resfu.com/media/img/1px.gif,187,80,0,0,0
Temporada2018,Köln,4,https://thumb.resfu.com/img_data/players/medium/81546.jpg?size=60x&5,F. Sørensen,Defensa,27,https://thumb.resfu.com/media/img/1px.gif,193,80,2,0,9
Temporada2018,Köln,14,https://thumb.resfu.com/img_data/players/medium/140263.jpg?size=60x&5,J. Hector,Defensa,29,https://thumb.resfu.com/media/img/1px.gif,185,73,2,0,4
Temporada2018,Köln,23,https://thumb.resfu.com/img_data/players/medium/284759.jpg?size=60x&5,J. Horn,Defensa,23,https://thumb.resfu.com/media/img/1px.gif,186,77,0,0,0
Temporada2018,Köln,22,https://thumb.resfu.com/img_data/players/medium/176160.jpg?size=60x&5,Jorge Meré,Defensa,22,https://thumb.resfu.com/media/img/1px.gif,182,77,1,0,6
Temporada2018,Köln,24,https://thumb.resfu.com/img_data/players/medium/279644.jpg?size=60x&5,L. Klünter,Defensa,23,https://thumb.resfu.com/media/img/1px.gif,184,73,1,0,6
Temporada2018,Köln,16,https://thumb.resfu.com/img_data/players/medium/221420.jpg?size=60x&5,P. Olkowski,Defensa,30,https://thumb.resfu.com/media/img/1px.gif,184,75,0,0,1
Temporada2018,Köln,29,https://thumb.resfu.com/img_data/players/medium/285981.jpg?size=60x&5,T. Handwerker,Defensa,21,https://thumb.resfu.com/media/img/1px.gif,182,75,0,0,0
Temporada2018,Köln,40,https://thumb.resfu.com/img_data/players/medium/448259.jpg?size=60x&5,Y. Bisseck,Defensa,19,https://thumb.resfu.com/media/img/1px.gif,194,83,0,0,0
Temporada2018,Köln,37,https://thumb.resfu.com/img_data/players/medium/346214.jpg?size=60x&5,A. Ouahim,Centrocampista,22,https://thumb.resfu.com/media/img/1px.gif,175,68,0,0,0
Temporada2018,Köln,17,https://thumb.resfu.com/img_data/players/medium/44882.jpg?size=60x&5,C. Clemens,Centrocampista,28,https://thumb.resfu.com/media/img/1px.gif,180,70,1,0,2
Temporada2018,Köln,26,https://thumb.resfu.com/img_data/players/medium/347052.jpg?size=60x&5,C. Fuhrich,Centrocampista,22,https://thumb.resfu.com/media/img/1px.gif,178,69,0,0,0
Temporada2018,Köln,21,https://thumb.resfu.com/img_data/players/medium/120318.jpg?size=60x&5,L. Bittencourt,Centrocampista,26,https://thumb.resfu.com/media/img/1px.gif,171,60,5,0,4
Temporada2018,Köln,6,https://thumb.resfu.com/img_data/players/medium/86234.jpg?size=60x&5,M. Höger,Centrocampista,30,https://thumb.resfu.com/media/img/1px.gif,186,78,0,0,4
Temporada2018,Köln,8,https://thumb.resfu.com/img_data/players/medium/192138.jpg?size=60x&5,M. Jojić,Centrocampista,27,https://thumb.resfu.com/media/img/1px.gif,177,78,2,0,3
Temporada2018,Köln,33,https://thumb.resfu.com/img_data/players/medium/59529.jpg?size=60x&5,M. Lehmann,Centrocampista,36,https://thumb.resfu.com/media/img/1px.gif,179,77,0,0,3
Temporada2018,Köln,7,https://thumb.resfu.com/img_data/players/medium/21391.jpg?size=60x&5,M. Risse,Centrocampista,30,https://thumb.resfu.com/media/img/1px.gif,183,72,1,0,2
Temporada2018,Köln,38,https://thumb.resfu.com/img_data/players/medium/341548.jpg?size=60x&5,N. Nartey,Centrocampista,20,https://thumb.resfu.com/media/img/1px.gif,185,78,0,0,0
Temporada2018,Köln,20,https://thumb.resfu.com/img_data/players/medium/295697.jpg?size=60x&5,S. Özcan,Centrocampista,22,https://thumb.resfu.com/media/img/1px.gif,182,74,0,0,5
Temporada2018,Köln,41,https://thumb.resfu.com/img_data/players/medium/220953.jpg?size=60x&5,V. Koziello,Centrocampista,24,https://thumb.resfu.com/media/img/1px.gif,168,67,1,0,3
Temporada2018,Köln,39,https://thumb.resfu.com/img_data/players/medium/582.jpg?size=60x&5,C. Pizarro,Delantero,41,https://thumb.resfu.com/media/img/1px.gif,186,84,1,0,0
Temporada2018,Köln,15,https://thumb.resfu.com/img_data/players/medium/101722.jpg?size=60x&5,J. Córdoba,Delantero,26,https://thumb.resfu.com/media/img/1px.gif,188,84,0,0,1
Temporada2018,Köln,19,https://thumb.resfu.com/img_data/players/medium/201033.jpg?size=60x&5,S. Guirassy,Delantero,24,https://thumb.resfu.com/media/img/1px.gif,177,69,4,0,2
Temporada2018,Köln,9,https://thumb.resfu.com/img_data/players/medium/109681.jpg?size=60x&5,S. Terodde,Delantero,32,https://thumb.resfu.com/media/img/1px.gif,192,78,7,0,4
Temporada2018,Köln,11,https://thumb.resfu.com/img_data/players/medium/110569.jpg?size=60x&5,S. Zoller,Delantero,28,https://thumb.resfu.com/media/img/1px.gif,179,70,2,0,3
Temporada2018,Köln,13,https://thumb.resfu.com/img_data/players/medium/129736.jpg?size=60x&5,Y. Osako,Delantero,29,https://thumb.resfu.com/media/img/1px.gif,182,71,4,1,4
Temporada2018,Werder Bremen,33,https://thumb.resfu.com/img_data/players/medium/1795.jpg?size=60x&5,J. Drobný,Portero,40,https://thumb.resfu.com/media/img/1px.gif,192,87,0,0,0
Temporada2018,Werder Bremen,1,https://thumb.resfu.com/img_data/players/medium/172031.jpg?size=60x&5,J. Pavlenka,Portero,27,https://thumb.resfu.com/media/img/1px.gif,190,87,0,0,1
Temporada2018,Werder Bremen,30,https://thumb.resfu.com/img_data/players/medium/204932.jpg?size=60x&5,M. Zetterer,Portero,24,https://thumb.resfu.com/media/img/1px.gif,195,88,0,0,1
Temporada2018,Werder Bremen,28,https://thumb.resfu.com/img_data/players/medium/285614.jpg?size=60x&5,J. Verlaat,Defensa,23,https://thumb.resfu.com/media/img/1px.gif,192,89,0,0,0
Temporada2018,Werder Bremen,5,https://thumb.resfu.com/img_data/players/medium/183350.jpg?size=60x&5,L. Augustinsson,Defensa,25,https://thumb.resfu.com/media/img/1px.gif,181,75,1,0,3
Temporada2018,Werder Bremen,3,https://thumb.resfu.com/img_data/players/medium/69999.jpg?size=60x&5,L. Caldirola,Defensa,29,https://thumb.resfu.com/media/img/1px.gif,189,75,0,0,0
Temporada2018,Werder Bremen,32,https://thumb.resfu.com/img_data/players/medium/286260.jpg?size=60x&5,M. Friedl,Defensa,22,https://thumb.resfu.com/media/img/1px.gif,187,71,0,0,0
Temporada2018,Werder Bremen,13,https://thumb.resfu.com/img_data/players/medium/185503.jpg?size=60x&5,M. Veljković,Defensa,24,https://thumb.resfu.com/media/img/1px.gif,188,77,1,0,2
Temporada2018,Werder Bremen,18,https://thumb.resfu.com/img_data/players/medium/22362.jpg?size=60x&5,N. Moisander,Defensa,34,https://thumb.resfu.com/media/img/1px.gif,182,70,2,0,6
Temporada2018,Werder Bremen,4,https://thumb.resfu.com/img_data/players/medium/232551.jpg?size=60x&5,R. Bauer,Defensa,24,https://thumb.resfu.com/media/img/1px.gif,183,75,0,0,4
Temporada2018,Werder Bremen,15,https://thumb.resfu.com/img_data/players/medium/1929.jpg?size=60x&5,S. Langkamp,Defensa,32,https://thumb.resfu.com/media/img/1px.gif,191,85,0,0,4
Temporada2018,Werder Bremen,23,https://thumb.resfu.com/img_data/players/medium/73011.jpg?size=60x&5,T. Gebre Selassie,Defensa,33,https://thumb.resfu.com/media/img/1px.gif,181,72,3,0,4
Temporada2018,Werder Bremen,36,https://thumb.resfu.com/img_data/players/medium/284916.jpg?size=60x&5,T. Jacobsen,Defensa,22,https://thumb.resfu.com/media/img/1px.gif,182,77,0,0,0
Temporada2018,Werder Bremen,8,https://thumb.resfu.com/img_data/players/medium/113319.jpg?size=60x&5,J. Gondorf,Centrocampista,31,https://thumb.resfu.com/media/img/1px.gif,175,74,1,0,4
Temporada2018,Werder Bremen,35,https://thumb.resfu.com/img_data/players/medium/281178.jpg?size=60x&5,M. Eggestein,Centrocampista,23,https://thumb.resfu.com/media/img/1px.gif,181,75,2,0,3
Temporada2018,Werder Bremen,11,https://thumb.resfu.com/img_data/players/medium/281297.jpg?size=60x&5,M. Rashica,Centrocampista,23,https://thumb.resfu.com/media/img/1px.gif,178,70,1,0,0
Temporada2018,Werder Bremen,14,https://thumb.resfu.com/img_data/players/medium/293377.jpg?size=60x&5,O. Käuper,Centrocampista,23,https://thumb.resfu.com/media/img/1px.gif,187,77,0,0,1
Temporada2018,Werder Bremen,44,https://thumb.resfu.com/img_data/players/medium/37299.jpg?size=60x&5,P. Bargfrede,Centrocampista,31,https://thumb.resfu.com/media/img/1px.gif,174,71,1,0,5
Temporada2018,Werder Bremen,6,https://thumb.resfu.com/img_data/players/medium/230518.jpg?size=60x&5,T. Delaney,Centrocampista,28,https://thumb.resfu.com/media/img/1px.gif,182,71,3,0,5
Temporada2018,Werder Bremen,16,https://thumb.resfu.com/img_data/players/medium/15156.jpg?size=60x&5,Z. Junuzovic,Centrocampista,32,https://thumb.resfu.com/media/img/1px.gif,172,69,2,0,2
Temporada2018,Werder Bremen,9,https://thumb.resfu.com/img_data/players/medium/177767.jpg?size=60x&5,A. Johannsson,Delantero,29,https://thumb.resfu.com/media/img/1px.gif,184,70,1,0,0
Temporada2018,Werder Bremen,22,https://thumb.resfu.com/img_data/players/medium/2023.jpg?size=60x&5,F. Bartels,Delantero,33,https://thumb.resfu.com/media/img/1px.gif,175,69,2,0,0
Temporada2018,Werder Bremen,7,https://thumb.resfu.com/img_data/players/medium/46775.jpg?size=60x&5,F. Kainz,Delantero,27,https://thumb.resfu.com/media/img/1px.gif,175,67,3,0,5
Temporada2018,Werder Bremen,29,https://thumb.resfu.com/img_data/players/medium/34762.jpg?size=60x&5,I. Belfodil,Delantero,28,https://thumb.resfu.com/media/img/1px.gif,192,86,4,0,1
Temporada2018,Werder Bremen,24,https://thumb.resfu.com/img_data/players/medium/244272.jpg?size=60x&5,J. Eggestein,Delantero,21,https://thumb.resfu.com/media/img/1px.gif,183,75,0,0,0
Temporada2018,Werder Bremen,10,https://thumb.resfu.com/img_data/players/medium/21482.jpg?size=60x&5,M. Kruse,Delantero,31,https://thumb.resfu.com/media/img/1px.gif,180,76,6,0,2
Temporada2018,Werder Bremen,19,https://thumb.resfu.com/img_data/players/medium/300489.jpg?size=60x&5,Y. Zhang,Delantero,23,https://thumb.resfu.com/media/img/1px.gif,183,69,0,0,0
Temporada2018,Hamburguer SV,30,https://thumb.resfu.com/img_data/players/medium/229089.jpg?size=60x&5,A. Hirzel,Portero,26,https://thumb.resfu.com/media/img/1px.gif,190,82,0,0,0
Temporada2018,Hamburguer SV,1,https://thumb.resfu.com/img_data/players/medium/198016.jpg?size=60x&5,C. Mathenia,Portero,27,https://thumb.resfu.com/media/img/1px.gif,189,75,0,0,2
Temporada2018,Hamburguer SV,13,https://thumb.resfu.com/img_data/players/medium/179333.jpg?size=60x&5,J. Pollersbeck,Portero,25,https://thumb.resfu.com/media/img/1px.gif,195,85,0,0,1
Temporada2018,Hamburguer SV,36,https://thumb.resfu.com/img_data/players/medium/38245.jpg?size=60x&5,T. Mickel,Portero,30,https://thumb.resfu.com/media/img/1px.gif,186,77,0,0,0
Temporada2018,Hamburguer SV,2,https://thumb.resfu.com/img_data/players/medium/25542.jpg?size=60x&5,D. Diekmeier,Defensa,30,https://thumb.resfu.com/media/img/1px.gif,188,80,0,0,4
Temporada2018,Hamburguer SV,6,https://thumb.resfu.com/img_data/players/medium/161629.jpg?size=60x&5,Douglas Santos,Defensa,25,https://thumb.resfu.com/media/img/1px.gif,173,69,1,0,6
Temporada2018,Hamburguer SV,24,https://thumb.resfu.com/img_data/players/medium/130546.jpg?size=60x&5,G. Sakai,Defensa,29,https://thumb.resfu.com/media/img/1px.gif,176,74,0,0,2
Temporada2018,Hamburguer SV,47,https://thumb.resfu.com/img_data/players/medium/448279.jpg?size=60x&5,J. Vagnoman,Defensa,19,https://thumb.resfu.com/media/img/1px.gif,186,-,0,0,0
Temporada2018,Hamburguer SV,9,https://thumb.resfu.com/img_data/players/medium/69114.jpg?size=60x&5,K. Papadopoulos,Defensa,28,https://thumb.resfu.com/media/img/1px.gif,183,85,1,1,13
Temporada2018,Hamburguer SV,5,https://thumb.resfu.com/img_data/players/medium/110516.jpg?size=60x&5,M. Mavraj,Defensa,33,https://thumb.resfu.com/media/img/1px.gif,190,83,0,1,4
Temporada2018,Hamburguer SV,4,https://thumb.resfu.com/img_data/players/medium/309632.jpg?size=60x&5,R. Van Drongelen,Defensa,21,https://thumb.resfu.com/media/img/1px.gif,188,81,0,0,4
Temporada2018,Hamburguer SV,46,https://thumb.resfu.com/img_data/players/medium/371594.jpg?size=60x&5,S. Ambrosius,Defensa,21,https://thumb.resfu.com/media/img/1px.gif,182,79,0,0,0
Temporada2018,Hamburguer SV,37,https://thumb.resfu.com/img_data/players/medium/335086.jpg?size=60x&5,Young-Jae Seo,Defensa,24,https://thumb.resfu.com/media/img/1px.gif,182,72,0,0,0
Temporada2018,Hamburguer SV,20,https://thumb.resfu.com/img_data/players/medium/24236.jpg?size=60x&5,A. Ekdal,Centrocampista,30,https://thumb.resfu.com/media/img/1px.gif,186,82,0,0,3
Temporada2018,Hamburguer SV,14,https://thumb.resfu.com/img_data/players/medium/2235.jpg?size=60x&5,A. Hunt,Centrocampista,33,https://thumb.resfu.com/media/img/1px.gif,183,73,3,0,1
Temporada2018,Hamburguer SV,17,https://thumb.resfu.com/img_data/players/medium/139116.jpg?size=60x&5,F. Kostić,Centrocampista,27,https://thumb.resfu.com/media/img/1px.gif,184,70,5,0,2
Temporada2018,Hamburguer SV,28,https://thumb.resfu.com/img_data/players/medium/232035.jpg?size=60x&5,G. Jung,Centrocampista,25,https://thumb.resfu.com/media/img/1px.gif,189,76,1,1,7
Temporada2018,Hamburguer SV,8,https://thumb.resfu.com/img_data/players/medium/24980.jpg?size=60x&5,L. Holtby,Centrocampista,29,https://thumb.resfu.com/media/img/1px.gif,174,68,6,0,1
Temporada2018,Hamburguer SV,31,https://thumb.resfu.com/img_data/players/medium/230415.jpg?size=60x&5,M. Gouaida,Centrocampista,26,https://thumb.resfu.com/media/img/1px.gif,178,74,0,0,0
Temporada2018,Hamburguer SV,29,https://thumb.resfu.com/img_data/players/medium/199856.jpg?size=60x&5,M. Steinmann,Centrocampista,25,https://thumb.resfu.com/media/img/1px.gif,188,78,0,0,2
Temporada2018,Hamburguer SV,23,https://thumb.resfu.com/img_data/players/medium/21421.jpg?size=60x&5,S. Salihović,Centrocampista,35,https://thumb.resfu.com/media/img/1px.gif,182,83,1,0,1
Temporada2018,Hamburguer SV,43,https://thumb.resfu.com/img_data/players/medium/374215.jpg?size=60x&5,T. Ito,Centrocampista,22,https://thumb.resfu.com/media/img/1px.gif,163,59,0,0,1
Temporada2018,Hamburguer SV,16,https://thumb.resfu.com/img_data/players/medium/334017.jpg?size=60x&5,V. Janjicic,Centrocampista,21,https://thumb.resfu.com/media/img/1px.gif,180,82,0,0,1
Temporada2018,Hamburguer SV,12,https://thumb.resfu.com/img_data/players/medium/231458.jpg?size=60x&5,Walace,Centrocampista,24,https://thumb.resfu.com/media/img/1px.gif,188,75,1,0,3
Temporada2018,Hamburguer SV,11,https://thumb.resfu.com/img_data/players/medium/109366.jpg?size=60x&5,A. Hahn,Delantero,29,https://thumb.resfu.com/media/img/1px.gif,185,73,3,0,0
Temporada2018,Hamburguer SV,18,https://thumb.resfu.com/img_data/players/medium/335089.jpg?size=60x&5,B. Jatta,Delantero,21,https://thumb.resfu.com/media/img/1px.gif,184,79,0,0,1
Temporada2018,Hamburguer SV,7,https://thumb.resfu.com/img_data/players/medium/127226.jpg?size=60x&5,B. Wood,Delantero,27,https://thumb.resfu.com/media/img/1px.gif,180,76,2,1,3
Temporada2018,Hamburguer SV,40,https://thumb.resfu.com/img_data/players/medium/368984.jpg?size=60x&5,J-F. Arp,Delantero,20,https://thumb.resfu.com/media/img/1px.gif,186,78,2,0,1
Temporada2018,Hamburguer SV,15,https://thumb.resfu.com/img_data/players/medium/216524.jpg?size=60x&5,L. Waldschmidt,Delantero,23,https://thumb.resfu.com/media/img/1px.gif,181,75,1,0,0
Temporada2018,Hamburguer SV,27,https://thumb.resfu.com/img_data/players/medium/107161.jpg?size=60x&5,N. Müller,Delantero,32,https://thumb.resfu.com/media/img/1px.gif,175,65,1,0,0
Temporada2018,Hamburguer SV,19,https://thumb.resfu.com/img_data/players/medium/70848.jpg?size=60x&5,S. Schipplock,Delantero,31,https://thumb.resfu.com/media/img/1px.gif,186,82,0,0,0
Temporada2018,Hamburguer SV,26,https://thumb.resfu.com/img_data/players/medium/305361.jpg?size=60x&5,T. Knoll,Delantero,22,https://thumb.resfu.com/media/img/1px.gif,182,80,0,0,0
